inventory_idx,best_name,extracted_url,normalized_url,match_type,confidence,baseline_resource_id,baseline_resource_name,baseline_resource_full,baseline_url,baseline_normalized_url,is_gcbr,source_batch,paper_titles
1,UCSC,http://genome.ucsc.edu,genome.ucsc.edu,URL_EXACT,0.95,8137,UCSC Genome Browser,UCSC Genome Browser,http://genome.ucsc.edu,genome.ucsc.edu,1,2010-2022,ENCODE whole-genome data in the UCSC Genome Browser: update 2012. | ENCODE data in the UCSC Genome Browser: year 5 update. | Whole human genome proteogenomic mapping for ENCODE cell line data: identifying protein-coding regions.
3,EMAGE,http://www.emouseatlas.org/emage/,emouseatlas.org/emage,URL_EXACT,0.95,7154,Electronic Mouse Atlas of Gene Expression,Electronic Mouse Atlas of Gene Expression,http://www.emouseatlas.org/emage,emouseatlas.org/emage,0,2010-2022,EMAGE mouse embryo spatial gene expression database: 2014 update. | EMAGE: Electronic Mouse Atlas of Gene Expression.
6,NCBI,http://www.ncbi.nlm.nih.gov/,ncbi.nlm.nih.gov,URL_DOMAIN_MULTI,0.5,7860,CDD,Conserved Domain Database,http://www.ncbi.nlm.nih.gov/Structure/cdd/cdd.shtml,ncbi.nlm.nih.gov/structure/cdd/cdd.shtml,0,2010-2022,Fungal genome resources at NCBI. | Database Resources of the National Center for Biotechnology Information. | Database resources of the National Center for Biotechnology Information. | Database resources of the National Center for Biotechnology Information. | NCBI disease corpus: a resource for disease name recognition and concept normalization. | Database resources of the National Center for Biotechnology Information. | Database resources of the National Center for Biotechnology Information. | Database resources of the National Center for Biotechnology Information. | Database resources of the National Center for Biotechnology Information.
11,EMBL-EBI,http://www.ebi.ac.uk,ebi.ac.uk,URL_DOMAIN_MULTI,0.5,7352,IntAct,,http://www.ebi.ac.uk/intact,ebi.ac.uk/intact,0,2010-2022,The European Bioinformatics Institute's data resources 2014. | The EMBL-EBI search and sequence analysis tools APIs in 2019.
12,GWAS,http://www.ebi.ac.uk/gwas/,ebi.ac.uk/gwas,URL_EXACT,0.95,7248,GWAS Catalog,,http://www.ebi.ac.uk/gwas,ebi.ac.uk/gwas,1,2010-2022,"The new NHGRI-EBI Catalog of published genome-wide association studies (GWAS Catalog). | The NHGRI-EBI GWAS Catalog of published genome-wide association studies, targeted arrays and summary statistics 2019."
29,SAROTUP,http://i.uestc.edu.cn/sarotup3,i.uestc.edu.cn/sarotup3,URL_DOMAIN_MULTI,0.5,5305,PepQSAR,,http://i.uestc.edu.cn/PQsarDB,i.uestc.edu.cn/pqsardb,0,2010-2022,SAROTUP: a suite of tools for finding potential target-unrelated peptides from phage display data.
37,PSICQUIC,http://www.ebi.ac.uk/Tools/webservices/psicquic/view/main.xhtml,ebi.ac.uk/tools/webservices/psicquic/view/main.xhtml,URL_DOMAIN_MULTI,0.5,7352,IntAct,,http://www.ebi.ac.uk/intact,ebi.ac.uk/intact,0,2010-2022,A new reference implementation of the PSICQUIC web service.
57,Vaxvec,http://www.violinet.org/vaxvec,violinet.org/vaxvec,URL_DOMAIN_MULTI,0.5,7968,Vaxar,,http://www.violinet.org/vaxar,violinet.org/vaxar,0,2010-2022,Vaxvec: The first web-based recombinant vaccine vector database and its data analysis.
64,IMG,http://www.hmpdacc-resources.org/img_hmp,hmpdacc-resources.org/img_hmp,URL_DOMAIN_SINGLE,0.75,7395,Integrated Microbial Genomes and Metagenomes,Integrated Microbial Genomes and Metagenomes,http://www.hmpdacc-resources.org/imgm_hmp,hmpdacc-resources.org/imgm_hmp,0,2010-2022,IMG: the Integrated Microbial Genomes database and comparative analysis system.
67,OPL,http://purl.obolibrary.org/obo/opl.owl,purl.obolibrary.org/obo/opl.owl,URL_DOMAIN_SINGLE,0.75,6265,NCRO,The Non-Coding RNA Ontology,http://purl.obolibrary.org/obo/ncro.owl,purl.obolibrary.org/obo/ncro.owl,0,2010-2022,The Ontology for Parasite Lifecycle (OPL): towards a consistent vocabulary of lifecycle stages in parasitic organisms.
82,LungMAP,http://www.lungmap.net,lungmap.net,URL_DOMAIN_SINGLE,0.75,7581,Lung CellCards,,http://www.lungmap.net/cell-cards,lungmap.net/cell-cards,0,2010-2022,LungMAP: The Molecular Atlas of Lung Development Program.
92,ZebraShare,https://zfin.org/action/zebrashare,zfin.org/action/zebrashare,URL_DOMAIN_MULTI,0.5,8107,ZFIN,Zebrafish Model Organism Database,http://zfin.org,zfin.org,1,2010-2022,ZebraShare: a new venue for rapid dissemination of zebrafish mutant data.
102,WGE,http://www.sanger.ac.uk/htgt/wge,sanger.ac.uk/htgt/wge,URL_DOMAIN_SINGLE,0.75,7958,The Mouse Genomes Project,The Mouse Genomes Project,http://www.sanger.ac.uk/resources/mouse/genomes,sanger.ac.uk/resources/mouse/genomes,0,2010-2022,WGE: a CRISPR database for genome engineering.
110,ConTEdb,http://genedenovoweb.ticp.net:81/conTEdb/index.php,genedenovoweb.ticp.net:81/contedb/index.php,URL_DOMAIN_SINGLE,0.75,4950,DPTEdb,dioecious plant transposable element database,http://genedenovoweb.ticp.net:81/DPTEdb/index.php,genedenovoweb.ticp.net:81/dptedb/index.php,0,2010-2022,ConTEdb: a comprehensive database of transposable elements in conifers.
113,PncStress,http://bis.zju.edu.cn/pncstress,bis.zju.edu.cn/pncstress,URL_DOMAIN_MULTI,0.5,4343,mPPI,,http://bis.zju.edu.cn/mppi,bis.zju.edu.cn/mppi,0,2010-2022,PncStress: a manually curated database of experimentally validated stress-responsive non-coding RNAs in plants.
114,PlantPepDB,http://www.nipgr.ac.in/PlantPepDB/,nipgr.ac.in/plantpepdb,URL_DOMAIN_MULTI,0.5,7871,SCIPDb,Stress Combinations and their Interactions in Plants Database,http://www.nipgr.ac.in/scipdb.php,nipgr.ac.in/scipdb.php,0,2010-2022,PlantPepDB: A manually curated plant peptide database.
117,RMDisease,http://www.xjtlu.edu.cn/biologicalsciences/rmd,xjtlu.edu.cn/biologicalsciences/rmd,URL_DOMAIN_SINGLE,0.75,8057,m5C-Atlas,,http://www.xjtlu.edu.cn/biologicalsciences/m5c-atlas,xjtlu.edu.cn/biologicalsciences/m5c-atlas,0,2010-2022,"RMDisease: a database of genetic variants that affect RNA modifications, with implications for epitranscriptome pathogenesis."
118,UMD-DYSF,http://www.umd.be/DYSF/,umd.be/dysf,URL_DOMAIN_SINGLE,0.75,7945,UMD-APC,,http://www.umd.be/APC,umd.be/apc,0,2010-2022,"UMD-DYSF, a novel locus specific database for the compilation and interactive analysis of mutations in the dysferlin gene."
131,Cov19VaxKB,http://www.violinet.org/cov19vaxkb/,violinet.org/cov19vaxkb,URL_DOMAIN_MULTI,0.5,7968,Vaxar,,http://www.violinet.org/vaxar,violinet.org/vaxar,0,2010-2022,Cov19VaxKB: A Web-based Integrative COVID-19 Vaccine Knowledge Base.
151,Cellminercdb,https://discover.nci.nih.gov/cellminercdb/,discover.nci.nih.gov/cellminercdb,URL_DOMAIN_SINGLE,0.75,4770,CellMiner-SCLC,,http://discover.nci.nih.gov/SclcCellMinerCDB,discover.nci.nih.gov/sclccellminercdb,0,2010-2022,CellMinerCDB for Integrative Cross-Database Genomics and Pharmacogenomics Analyses of Cancer Cell Lines.
153,mvTool,https://mseqdr.org/mvtool.php,mseqdr.org/mvtool.php,URL_DOMAIN_MULTI,0.5,5621,MSeqDR,Mitochondrial Disease Sequence Data Resource,http://mseqdr.org,mseqdr.org,0,2010-2022,"MSeqDR mvTool: A mitochondrial DNA Web and API resource for comprehensive variant annotation, universal nomenclature collation, and reference genome conversion."
173,Glutantase,http://bioinfo.dcc.ufmg.br/glutantbase,bioinfo.dcc.ufmg.br/glutantbase,URL_DOMAIN_SINGLE,0.75,4129,Propedia,,http://bioinfo.dcc.ufmg.br/propedia,bioinfo.dcc.ufmg.br/propedia,0,2010-2022,Glutantβase: a database for improving the rational design of glucose-tolerant β-glucosidases.
176,harmonizome,http://amp.pharm.mssm.edu/Harmonizome,amp.pharm.mssm.edu/harmonizome,URL_DOMAIN_MULTI,0.5,3850,Datasets2Tools,,http://amp.pharm.mssm.edu/datasets2tools,amp.pharm.mssm.edu/datasets2tools,0,2010-2022,The harmonizome: a collection of processed datasets gathered to serve and mine knowledge about genes and proteins.
187,BacFITBase,http://www.tartaglialab.com/bacfitbase,tartaglialab.com/bacfitbase,URL_DOMAIN_SINGLE,0.75,8037,DualSeqDB,,http://www.tartaglialab.com/dualseq,tartaglialab.com/dualseq,0,2010-2022,BacFITBase: a database to assess the relevance of bacterial genes during host infection.
192,ADReCS-Target,http://bioinf.xmu.edu.cn/ADReCS-Target,bioinf.xmu.edu.cn/adrecs-target,URL_DOMAIN_MULTI,0.5,4028,MVsCarta,,http://bioinf.xmu.edu.cn/MVsCarta,bioinf.xmu.edu.cn/mvscarta,0,2010-2022,ADReCS-Target: target profiles for aiding drug safety research and application.
193,ADEIP,http://geneyun.net/ADEIP,geneyun.net/adeip,URL_DOMAIN_SINGLE,0.75,5061,CSCD2,cancer-specific circRNA database,"http://geneyun.net/CSCD2, http://gb.whu.edu.cn/CSCD2","geneyun.net/cscd2, http://gb.whu.edu.cn/cscd2",0,2010-2022,ADEIP: an integrated platform of age-dependent expression and immune profiles across human tissues.
194,FuncPEP,https://bioinformatics.mdanderson.org/Supplements/FuncPEP/,bioinformatics.mdanderson.org/supplements/funcpep,URL_DOMAIN_SINGLE,0.75,4253,TANRIC,he Atlas of Noncoding RNAs in Cancer,http://bioinformatics.mdanderson.org/main/TANRIC:Overview,bioinformatics.mdanderson.org/main/tanric:overview,0,2010-2022,FuncPEP: A Database of Functional Peptides Encoded by Non-Coding RNAs.
202,KNOTTIN,http://www.dsimb.inserm.fr/KNOTTIN/,dsimb.inserm.fr/knottin,URL_DOMAIN_MULTI,0.5,7282,CALR-ETdb,,http://www.dsimb.inserm.fr/CALR-ET,dsimb.inserm.fr/calr-et,0,2010-2022,"KNOTTIN: the database of inhibitor cystine knot scaffold after 10 years, toward a systematic structure modeling."
205,RareLSD,https://webs.iiitd.edu.in/raghava/rarelsd/,webs.iiitd.edu.in/raghava/rarelsd,URL_DOMAIN_MULTI,0.5,7071,SalivaDB,,http://webs.iiitd.edu.in/raghava/salivadb,webs.iiitd.edu.in/raghava/salivadb,0,2010-2022,RareLSD: a manually curated database of lysosomal enzymes associated with rare diseases.
206,SUS-BAR,http://bar.biocomp.unibo.it/bar2.0,bar.biocomp.unibo.it/bar2.0,URL_DOMAIN_SINGLE,0.75,3837,Bologna Annotation Resource,Bologna Annotation Resource,http://bar.biocomp.unibo.it/bar3,bar.biocomp.unibo.it/bar3,0,2010-2022,SUS-BAR: a database of pig proteins with statistically validated structural and functional annotation.
207,m6A-Atlas,http://www.xjtlu.edu.cn/biologicalsciences/atlas,xjtlu.edu.cn/biologicalsciences/atlas,URL_DOMAIN_SINGLE,0.75,8057,m5C-Atlas,,http://www.xjtlu.edu.cn/biologicalsciences/m5c-atlas,xjtlu.edu.cn/biologicalsciences/m5c-atlas,0,2010-2022,m6A-Atlas: a comprehensive knowledgebase for unraveling the N6-methyladenosine (m6A) epitranscriptome.
210,CancerLivER,https://webs.iiitd.edu.in/raghava/cancerliver,webs.iiitd.edu.in/raghava/cancerliver,URL_DOMAIN_MULTI,0.5,7071,SalivaDB,,http://webs.iiitd.edu.in/raghava/salivadb,webs.iiitd.edu.in/raghava/salivadb,0,2010-2022,CancerLivER: a database of liver cancer gene expression resources and biomarkers.
211,RSIADB,http://genedenovoweb.ticp.net:81/rsia/index.php,genedenovoweb.ticp.net:81/rsia/index.php,URL_DOMAIN_SINGLE,0.75,4950,DPTEdb,dioecious plant transposable element database,http://genedenovoweb.ticp.net:81/DPTEdb/index.php,genedenovoweb.ticp.net:81/dptedb/index.php,0,2010-2022,"RSIADB, a collective resource for genome and transcriptome analyses in Rhizoctonia solani AG1 IA."
212,MedProDB,http://www.nipgr.ac.in/MedProDB,nipgr.ac.in/medprodb,URL_DOMAIN_MULTI,0.5,7871,SCIPDb,Stress Combinations and their Interactions in Plants Database,http://www.nipgr.ac.in/scipdb.php,nipgr.ac.in/scipdb.php,0,2010-2022,MedProDB: A database of Mediator proteins.
213,RiceRelativesGD,http://ibi.zju.edu.cn/ricerelativesgd/,ibi.zju.edu.cn/ricerelativesgd,URL_DOMAIN_MULTI,0.5,5281,PlantcircBase,,http://ibi.zju.edu.cn/plantcircbase,ibi.zju.edu.cn/plantcircbase,0,2010-2022,RiceRelativesGD: a genomic database of rice relatives for rice research.
215,RNAdt,http://www.zhounan.org/rnadt,zhounan.org/rnadt,URL_DOMAIN_MULTI,0.5,8077,FerrDb,,http://www.zhounan.org/ferrdb,zhounan.org/ferrdb,0,2010-2022,RNAdt: An online tutorial and data portal for the RNA structurome era.
230,VIRsiRNAdb,http://crdd.osdd.net/servers/virsirnadb,crdd.osdd.net/servers/virsirnadb,URL_DOMAIN_MULTI,0.5,4854,Hmrbase2,,"http://crdd.osdd.net/raghava/hmrbase/, http://webs.iiitd.edu.in/raghava/hmrbase2","crdd.osdd.net/raghava/hmrbase/, http://webs.iiitd.edu.in/raghava/hmrbase2",0,2010-2022,VIRsiRNAdb: a curated database of experimentally validated viral siRNA/shRNA.
242,PRIN,http://bis.zju.edu.cn/prin/,bis.zju.edu.cn/prin,URL_DOMAIN_MULTI,0.5,4343,mPPI,,http://bis.zju.edu.cn/mppi,bis.zju.edu.cn/mppi,0,2010-2022,PRIN: a predicted rice interactome network.
243,PamulDB,https://biodb.swu.edu.cn/pamuldb,biodb.swu.edu.cn/pamuldb,URL_DOMAIN_MULTI,0.5,4143,qPrimerDB,,http://biodb.swu.edu.cn/qprimerdb,biodb.swu.edu.cn/qprimerdb,0,2010-2022,PamulDB: a comprehensive genomic resource for the study of human- and animal-pathogenic Pasteurella multocida.
246,ANGI,https://clinicaltrials.gov/ct2/show/NCT01916538?cond=Anorexia+Nervosa&draw=1&rank=3,clinicaltrials.gov/ct2/show/nct01916538,URL_DOMAIN_MULTI,0.5,8385,NCT,National Clinical Trials Registry,https://clinicaltrials.gov,clinicaltrials.gov,0,2010-2022,The Anorexia Nervosa Genetics Initiative (ANGI): Overview and methods.
250,GenDiS,http://caps.ncbs.res.in/gendis+/,caps.ncbs.res.in/gendis+,URL_DOMAIN_MULTI,0.5,8214,PASS2,,http://caps.ncbs.res.in/pass2,caps.ncbs.res.in/pass2,0,2010-2022,GenDiS database update with improved approach and features to recognize homologous sequences of protein domain superfamilies.
257,HumiR,https://www.ccb.uni-saarland.de/humir/,ccb.uni-saarland.de/humir,URL_DOMAIN_MULTI,0.5,7307,isomiRdb,,http://www.ccb.uni-saarland.de/isomirdb,ccb.uni-saarland.de/isomirdb,0,2010-2022,"HumiR: Web Services, Tools and Databases for Exploring Human microRNA Data."
263,Vaxjo,http://www.violinet.org/vaxjo/,violinet.org/vaxjo,URL_DOMAIN_MULTI,0.5,7968,Vaxar,,http://www.violinet.org/vaxar,violinet.org/vaxar,0,2010-2022,Vaxjo: a web-based vaccine adjuvant database and its application for analysis of vaccine adjuvants and their uses in vaccine development.
268,CoMPARA,https://comptox.epa.gov/dashboard/dsstoxdb/batch_search,comptox.epa.gov/dashboard/dsstoxdb/batch_search,URL_DOMAIN_SINGLE,0.75,4548,DSSTox,Distributed Structure-Searchable Toxicity Database,http://comptox.epa.gov/dashboard,comptox.epa.gov/dashboard,0,2010-2022,CoMPARA: Collaborative Modeling Project for Androgen Receptor Activity.
276,PathwaysWeb,http://bioinformatics.mdanderson.org/main/PathwaysWeb:Overview,bioinformatics.mdanderson.org/main/pathwaysweb:overview,URL_DOMAIN_SINGLE,0.75,4253,TANRIC,he Atlas of Noncoding RNAs in Cancer,http://bioinformatics.mdanderson.org/main/TANRIC:Overview,bioinformatics.mdanderson.org/main/tanric:overview,0,2010-2022,"PathwaysWeb: a gene pathways API with directional interactions, expanded gene ontology, and versioning."
292,Uberon,http://purl.obolibrary.org/obo/uberon/releases/2013-02-21/,purl.obolibrary.org/obo/uberon/releases/2013-02-21,URL_DOMAIN_SINGLE,0.75,6265,NCRO,The Non-Coding RNA Ontology,http://purl.obolibrary.org/obo/ncro.owl,purl.obolibrary.org/obo/ncro.owl,0,2010-2022,Unification of multi-species vertebrate anatomy ontologies for comparative biology in Uberon.
298,ConsRM,https://www.xjtlu.edu.cn/biologicalsciences/con,xjtlu.edu.cn/biologicalsciences/con,URL_DOMAIN_SINGLE,0.75,8057,m5C-Atlas,,http://www.xjtlu.edu.cn/biologicalsciences/m5c-atlas,xjtlu.edu.cn/biologicalsciences/m5c-atlas,0,2010-2022,"ConsRM: collection and large-scale prediction of the evolutionarily conserved RNA methylation sites, with implications for the functional epitranscriptome."
307,EnhancerDB,http://lcbb.swjtu.edu.cn/EnhancerDB/,lcbb.swjtu.edu.cn/enhancerdb,URL_DOMAIN_MULTI,0.5,5524,eccDNA Atlas,,http://lcbb.swjtu.edu.cn/eccDNAatlas,lcbb.swjtu.edu.cn/eccdnaatlas,0,2010-2022,EnhancerDB: a resource of transcriptional regulation in the context of enhancers.
324,ExportAid,http://www.introni.it/ExportAid/ExportAid.html,introni.it/exportaid/exportaid.html,URL_DOMAIN_SINGLE,0.75,7563,MetaTropismDB,,http://www.introni.it/Metastasis/metastasis.html,introni.it/metastasis/metastasis.html,0,2010-2022,ExportAid: database of RNA elements regulating nuclear RNA export in mammals.
331,OverCOVID,http://bis.zju.edu.cn/overcovid/,bis.zju.edu.cn/overcovid,URL_DOMAIN_MULTI,0.5,4343,mPPI,,http://bis.zju.edu.cn/mppi,bis.zju.edu.cn/mppi,0,2010-2022,Bioinformatics resources facilitate understanding and harnessing clinical research of SARS-CoV-2. | OverCOVID: an integrative web portal for SARS-CoV-2 bioinformatics resources.
334,S2RSLDB,http://www.researchdsf.unict.it/S2RSLDB,researchdsf.unict.it/s2rsldb,URL_DOMAIN_SINGLE,0.75,7984,HemeOxDB,Heme Oxygenase Database,http://www.researchdsf.unict.it/hemeoxdb,researchdsf.unict.it/hemeoxdb,0,2010-2022,"S2RSLDB: a comprehensive manually curated, internet-accessible database of the sigma-2 receptor selective ligands."
336,ZEAMAP,https://www.maizegdb.org/,maizegdb.org,URL_EXACT,0.95,7451,MaizeGDB,,http://www.maizegdb.org,maizegdb.org,0,2010-2022,"ZEAMAP, a Comprehensive Database Adapted to the Maize Multi-Omics Era."
352,CoV-AbDab,http://opig.stats.ox.ac.uk/webapps/coronavirus,opig.stats.ox.ac.uk/webapps/coronavirus,URL_DOMAIN_MULTI,0.5,6120,OAS,Antibody Space,http://opig.stats.ox.ac.uk/webapps/oas,opig.stats.ox.ac.uk/webapps/oas,0,2010-2022,CoV-AbDab: the coronavirus antibody database.
364,WAUC,http://musaelab.ca/resources/,musaelab.ca/resources,URL_DOMAIN_SINGLE,0.75,5726,PASS,,http://musaelab.ca/pass-database,musaelab.ca/pass-database,0,2010-2022,WAUC: A Multi-Modal Database for Mental Workload Assessment Under Physical Activity.
370,YeastMine,http://www.yeastgenome.org/,yeastgenome.org,URL_EXACT,0.95,7891,SGD,Saccharomyces Genome Database,http://www.yeastgenome.org,yeastgenome.org,1,2010-2022,YeastMine--an integrated data warehouse for Saccharomyces cerevisiae data as a multipurpose tool-kit.
399,ImmtorLig_DB,http://bioinfo.imtech.res.in/bvs/immtor/,bioinfo.imtech.res.in/bvs/immtor,URL_DOMAIN_MULTI,0.5,4159,AntiVIRmiR,,http://bioinfo.imtech.res.in/manojk/antivirmir,bioinfo.imtech.res.in/manojk/antivirmir,0,2010-2022,ImmtorLig_DB: repertoire of virtually screened small molecules against immune receptors to bolster host immunity.
402,MorphDB,http://bioinformatics.psb.ugent.be/webtools/morphdb/morphDB/index/,bioinformatics.psb.ugent.be/webtools/morphdb/morphdb/index,URL_DOMAIN_MULTI,0.5,4350,PLAZA,Comparative Genomic Database,http://bioinformatics.psb.ugent.be/plaza,bioinformatics.psb.ugent.be/plaza,0,2010-2022,MorphDB: Prioritizing Genes for Specialized Metabolism Pathways and Gene Ontology Categories in Plants.
411,HPVomics,http://bioinfo.imtech.res.in/manojk/hpvomics/,bioinfo.imtech.res.in/manojk/hpvomics,URL_DOMAIN_MULTI,0.5,4159,AntiVIRmiR,,http://bioinfo.imtech.res.in/manojk/antivirmir,bioinfo.imtech.res.in/manojk/antivirmir,0,2010-2022,HPVomics: An integrated resource for the human papillomavirus epitome and therapeutics.
414,PlantRegMap,http://planttfdb.cbi.pku.edu.cn/,planttfdb.cbi.pku.edu.cn,URL_DOMAIN_MULTI,0.5,6279,PlantTFDB,,"http://planttfdb.cbi.pku.edu.cn/, http://plantregmap.cbi.pku.edu.cn","planttfdb.cbi.pku.edu.cn/, http://plantregmap.cbi.pku.edu.cn",0,2010-2022,PlantRegMap: charting functional regulatory maps in plants.
415,miRTargetLink,https://www.ccb.uni-saarland.de/mirtargetlink2,ccb.uni-saarland.de/mirtargetlink2,URL_DOMAIN_MULTI,0.5,7307,isomiRdb,,http://www.ccb.uni-saarland.de/isomirdb,ccb.uni-saarland.de/isomirdb,0,2010-2022,miRTargetLink 2.0-interactive miRNA target gene and target pathway networks.
417,TheCellMap.org,http://www.yeastgenome.org/help/general-help/glossary,yeastgenome.org/help/general-help/glossary,URL_DOMAIN_MULTI,0.5,7891,SGD,Saccharomyces Genome Database,http://www.yeastgenome.org,yeastgenome.org,1,2010-2022,TheCellMap.org: A Web-Accessible Database for Visualizing and Mining the Global Yeast Genetic Interaction Network.
418,EumicrobeDBLite,http://www.eumicrobedb.org,eumicrobedb.org,URL_DOMAIN_SINGLE,0.75,7104,OTD,Oomycete Transcriptomics Database,http://www.eumicrobedb.org/transcripts,eumicrobedb.org/transcripts,0,2010-2022,EumicrobeDBLite: a lightweight genomic resource and analytic platform for draft oomycete genomes.
419,THE-DB,https://zhanglab.ccmb.med.umich.edu/THE-DB/,zhanglab.ccmb.med.umich.edu/the-db,URL_DOMAIN_MULTI,0.5,8131,GLASS,,http://zhanglab.ccmb.med.umich.edu/GLASS,zhanglab.ccmb.med.umich.edu/glass,0,2010-2022,THE-DB: a threading model database for comparative protein structure analysis of the E. coli K12 and human proteomes.
424,foodDB,http://www.fao.org/infoods/infoods/tables-and-databases/en/,fao.org/infoods/infoods/tables-and-databases/en,URL_DOMAIN_SINGLE,0.75,7143,aFiSh,NFOODS database on fish and shellfish,http://www.fao.org/infoods/biodiversity/index_en.stm,fao.org/infoods/biodiversity/index_en.stm,0,2010-2022,"Nutrient composition databases in the age of big data: foodDB, a comprehensive, real-time database infrastructure."
435,IMG,http://img.jgi.doe.gov/,img.jgi.doe.gov,URL_DOMAIN_MULTI,0.5,5519,IMG/VR,,"http://img.jgi.doe.gov/vr, http://genome.jgi.doe.gov/portal/IMG_VR","img.jgi.doe.gov/vr, http://genome.jgi.doe.gov/portal/img_vr",0,2010-2022,Improving microbial genome annotations in an integrated database context. | IMG/M 4 version of the integrated metagenome comparative analysis system.
438,HExpoChem,http://www.cbs.dtu.dk/services/HExpoChem-1.0/,cbs.dtu.dk/services/hexpochem-1.0,URL_DOMAIN_SINGLE,0.75,7122,ChemProt-2.0,,http://www.cbs.dtu.dk/services/ChemProt-2.0,cbs.dtu.dk/services/chemprot-2.0,0,2010-2022,HExpoChem: a systems biology resource to explore human exposure to chemicals.
442,TOXiTAXi,http://www.combio.pl/toxitaxi/,combio.pl/toxitaxi,URL_DOMAIN_MULTI,0.5,4505,tRex,,http://combio.pl/trex)-the,combio.pl/trex)-the,0,2010-2022,TOXiTAXi: a web resource for toxicity of Bacillus thuringiensis protein compositions towards species of various taxonomic groups.
444,VIRmiRNA,http://crdd.osdd.net/servers/virmirna,crdd.osdd.net/servers/virmirna,URL_DOMAIN_MULTI,0.5,4854,Hmrbase2,,"http://crdd.osdd.net/raghava/hmrbase/, http://webs.iiitd.edu.in/raghava/hmrbase2","crdd.osdd.net/raghava/hmrbase/, http://webs.iiitd.edu.in/raghava/hmrbase2",0,2010-2022,VIRmiRNA: a comprehensive resource for experimentally validated viral miRNAs and their targets.
467,ZikaVR,http://bioinfo.imtech.res.in/manojk/zikavr/,bioinfo.imtech.res.in/manojk/zikavr,URL_DOMAIN_MULTI,0.5,4159,AntiVIRmiR,,http://bioinfo.imtech.res.in/manojk/antivirmir,bioinfo.imtech.res.in/manojk/antivirmir,0,2010-2022,"ZikaVR: An Integrated Zika Virus Resource for Genomics, Proteomics, Phylogenetic and Therapeutic Analysis."
471,PolyprOnline,http://www.dsimb.inserm.fr/dsimb_tools/polyproline,dsimb.inserm.fr/dsimb_tools/polyproline,URL_DOMAIN_MULTI,0.5,7282,CALR-ETdb,,http://www.dsimb.inserm.fr/CALR-ET,dsimb.inserm.fr/calr-et,0,2010-2022,PolyprOnline: polyproline helix II and secondary structure assignment database.
475,EcRBPome,http://caps.ncbs.res.in/ecrbpome,caps.ncbs.res.in/ecrbpome,URL_DOMAIN_MULTI,0.5,8214,PASS2,,http://caps.ncbs.res.in/pass2,caps.ncbs.res.in/pass2,0,2010-2022,EcRBPome: a comprehensive database of all known E. coli RNA-binding proteins.
478,MUSTARD,http://clingen.igib.res.in/mustard/,clingen.igib.res.in/mustard,URL_DOMAIN_MULTI,0.5,4566,BGvar,Blood Group Associated Genomic Variant Resource,http://clingen.igib.res.in/bgvar,clingen.igib.res.in/bgvar,0,2010-2022,MUSTARD-a comprehensive resource of mutation-specific therapies in cancer.
479,SpliceSeq,http://bioinformatics.mdanderson.org/main/SpliceSeq:Overview,bioinformatics.mdanderson.org/main/spliceseq:overview,URL_DOMAIN_SINGLE,0.75,4253,TANRIC,he Atlas of Noncoding RNAs in Cancer,http://bioinformatics.mdanderson.org/main/TANRIC:Overview,bioinformatics.mdanderson.org/main/tanric:overview,0,2010-2022,SpliceSeq: a resource for analysis and visualization of RNA-Seq data on alternative splicing and its functional impacts.
488,SoyCSN,http://soykb.org/SoyCSN,soykb.org/soycsn,URL_DOMAIN_MULTI,0.5,6443,SoyKB,Soybean Knowledge Base,http://soykb.org,soykb.org,0,2010-2022,SoyCSN: Soybean context-specific network analysis and prediction based on tissue-specific transcriptome data.
500,PICS,http://clipserve.clip.ubc.ca/pics/,clipserve.clip.ubc.ca/pics,URL_DOMAIN_SINGLE,0.75,4449,TopFIND,,http://clipserve.clip.ubc.ca/topfind,clipserve.clip.ubc.ca/topfind,0,2010-2022,"Factor Xa subsite mapping by proteome-derived peptide libraries improved using WebPICS, a resource for proteomic identification of cleavage sites."
503,Plant editosome database,http://bigd.big.ac.cn/ped,bigd.big.ac.cn/ped,URL_DOMAIN_MULTI,0.5,4066,GVM,Genome Variation Map,http://bigd.big.ac.cn/gvm,bigd.big.ac.cn/gvm,0,2010-2022,Plant editosome database: a curated database of RNA editosome in plants.
513,ClimCKmap,http://hdl.handle.net/21.11125/a91f85cb-befd-4e14-8e83-24f17c4a0491,hdl.handle.net/21.11125/a91f85cb-befd-4e14-8e83-24f17c4a0491,URL_DOMAIN_MULTI,0.5,5309,SmartWoodID,,http://hdl.handle.net/20.500.12624/SmartWoodID_first_edition,hdl.handle.net/20.500.12624/smartwoodid_first_edition,0,2010-2022,"ClimCKmap, a spatially, temporally and climatically explicit distribution database for the Italian fauna."
517,Human Virome Protein Cluster Database,http://metagenomics.anl.gov/,metagenomics.anl.gov,URL_EXACT,0.95,5645,MG-RAST,,http://metagenomics.anl.gov,metagenomics.anl.gov,0,2010-2022,The Human Virome Protein Cluster Database (HVPC): A Human Viral Metagenomic Database for Diversity and Function Annotation.
521,Drug/Cell-line Browser,http://www.maayanlab.net/LINCS/DCB,maayanlab.net/lincs/dcb,URL_DOMAIN_SINGLE,0.75,7421,ESCAPE,Embryonic Stem Cell Atlas from,http://www.maayanlab.net/ESCAPE,maayanlab.net/escape,0,2010-2022,Drug/Cell-line Browser: interactive canvas visualization of cancer drug/cell-line viability assay datasets.
531,Gut Virome Database,http://portal.nersc.gov/dna/microbial/prokpubs/EarthVirome_DP/final_list.hmms,portal.nersc.gov/dna/microbial/prokpubs/earthvirome_dp/final_list.hmms,URL_DOMAIN_SINGLE,0.75,6238,FOAM,Functional Ontology Assignments for Metagenomes,http://portal.nersc.gov/project/m1317/FOAM,portal.nersc.gov/project/m1317/foam,0,2010-2022,The Gut Virome Database Reveals Age-Dependent Patterns of Virome Diversity in the Human Gut.
532,Raman Open Database,http://www.crystallography.net/cod,crystallography.net/cod,URL_DOMAIN_SINGLE,0.75,7093,COD,Crystallography Open Database,http://www.crystallography.net,crystallography.net,0,2010-2022,Raman Open Database: first interconnected Raman-X-ray diffraction open-access resource for material identification.
537,The network of Shanghai Stroke Service System (4S),http://www.clinicaltrials.gov,clinicaltrials.gov,URL_EXACT,0.95,8385,NCT,National Clinical Trials Registry,https://clinicaltrials.gov,clinicaltrials.gov,0,2010-2022,The network of Shanghai Stroke Service System (4S): A public health-care web-based database using automatic extraction of electronic medical records.
564,Minho Word Pool,http://p-pal.di.uminho.pt/about/databases,p-pal.di.uminho.pt/about/databases,URL_EXACT,0.95,5809,ESCOLEX,,http://p-pal.di.uminho.pt/about/databases,p-pal.di.uminho.pt/about/databases,0,2010-2022,"The Minho Word Pool: Norms for imageability, concreteness, and subjective frequency for 3,800 Portuguese words."
566,GMO-Matrix,http://gmo-crl.jrc.ec.europa.eu/jrcgmomatrix/,gmo-crl.jrc.ec.europa.eu/jrcgmomatrix,URL_DOMAIN_SINGLE,0.75,5169,JRC GMO-Amplicons,,http://gmo-crl.jrc.ec.europa.eu/jrcgmoamplicons,gmo-crl.jrc.ec.europa.eu/jrcgmoamplicons,0,2010-2022,JRC GMO-Matrix: a web application to support Genetically Modified Organisms detection strategies.
577,cBio,http://cbioportal.org,cbioportal.org,URL_EXACT,0.95,4426,cBioPortal,,http://cbioportal.org,cbioportal.org,0,2010-2022,The cBio cancer genomics portal: an open platform for exploring multidimensional cancer genomics data.
583,Proteins API,http://www.ebi.ac.uk/proteins/api/doc,ebi.ac.uk/proteins/api/doc,URL_DOMAIN_MULTI,0.5,7352,IntAct,,http://www.ebi.ac.uk/intact,ebi.ac.uk/intact,0,2010-2022,The Proteins API: accessing key integrated protein and genome information.
601,eChickAtlas,http://www.emouseatlas.org,emouseatlas.org,URL_DOMAIN_MULTI,0.5,7154,Electronic Mouse Atlas of Gene Expression,Electronic Mouse Atlas of Gene Expression,http://www.emouseatlas.org/emage,emouseatlas.org/emage,0,2010-2022,eChickAtlas: an introduction to the database.
602,SolCyc,https://solgenomics.net/tools/solcyc/,solgenomics.net/tools/solcyc,URL_DOMAIN_SINGLE,0.75,6472,SGN,Sol Genomics Network,http://solgenomics.net,solgenomics.net,0,2010-2022,SolCyc: a database hub at the Sol Genomics Network (SGN) for the manual curation of metabolic networks in Solanum and Nicotiana specific databases.
604,SPTEdb,http://genedenovoweb.ticp.net:81/SPTEdb/index.php,genedenovoweb.ticp.net:81/sptedb/index.php,URL_DOMAIN_SINGLE,0.75,4950,DPTEdb,dioecious plant transposable element database,http://genedenovoweb.ticp.net:81/DPTEdb/index.php,genedenovoweb.ticp.net:81/dptedb/index.php,0,2010-2022,SPTEdb: a database for transposable elements in salicaceous plants.
605,AVPpred,http://crdd.osdd.net/servers/avppred,crdd.osdd.net/servers/avppred,URL_DOMAIN_MULTI,0.5,4854,Hmrbase2,,"http://crdd.osdd.net/raghava/hmrbase/, http://webs.iiitd.edu.in/raghava/hmrbase2","crdd.osdd.net/raghava/hmrbase/, http://webs.iiitd.edu.in/raghava/hmrbase2",0,2010-2022,AVPpred: collection and prediction of highly effective antiviral peptides.
616,PLANiTS,http://its2.bioapps.biozentrum.uni-wuerzburg.de/,its2.bioapps.biozentrum.uni-wuerzburg.de,URL_EXACT,0.95,5381,ITS2,,http://its2.bioapps.biozentrum.uni-wuerzburg.de,its2.bioapps.biozentrum.uni-wuerzburg.de,0,2010-2022,PLANiTS: a curated sequence reference dataset for plant ITS DNA metabarcoding.
620,Coronavir,https://webs.iiitd.edu.in/raghava/coronavir/,webs.iiitd.edu.in/raghava/coronavir,URL_DOMAIN_MULTI,0.5,7071,SalivaDB,,http://webs.iiitd.edu.in/raghava/salivadb,webs.iiitd.edu.in/raghava/salivadb,0,2010-2022,"A Web-Based Platform on Coronavirus Disease-19 to Maintain Predicted Diagnostic, Drug, and Vaccine Candidates."
629,Assembly,http://www.ncbi.nlm.nih.gov/assembly/,ncbi.nlm.nih.gov/assembly,URL_DOMAIN_MULTI,0.5,7860,CDD,Conserved Domain Database,http://www.ncbi.nlm.nih.gov/Structure/cdd/cdd.shtml,ncbi.nlm.nih.gov/structure/cdd/cdd.shtml,0,2010-2022,Assembly: a resource for assembled genomes at NCBI.
633,GLAD,http://www.flyrnai.org/glad,flyrnai.org/glad,URL_DOMAIN_MULTI,0.5,7287,DRscDB,,http://www.flyrnai.org/tools/single_cell/web,flyrnai.org/tools/single_cell/web,0,2010-2022,GLAD: an Online Database of Gene List Annotation for Drosophila.
635,AntiTbPdb,http://webs.iiitd.edu.in/raghava/antitbpdb/,webs.iiitd.edu.in/raghava/antitbpdb,URL_DOMAIN_MULTI,0.5,7071,SalivaDB,,http://webs.iiitd.edu.in/raghava/salivadb,webs.iiitd.edu.in/raghava/salivadb,0,2010-2022,AntiTbPdb: a knowledgebase of anti-tubercular peptides.
638,WilsonGen,http://clingen.igib.res.in/WilsonGen/,clingen.igib.res.in/wilsongen,URL_DOMAIN_MULTI,0.5,4566,BGvar,Blood Group Associated Genomic Variant Resource,http://clingen.igib.res.in/bgvar,clingen.igib.res.in/bgvar,0,2010-2022,WilsonGen a comprehensive clinically annotated genomic variant resource for Wilson's Disease.
643,CompTox,https://comptox.epa.gov,comptox.epa.gov,URL_DOMAIN_SINGLE,0.75,4548,DSSTox,Distributed Structure-Searchable Toxicity Database,http://comptox.epa.gov/dashboard,comptox.epa.gov/dashboard,0,2010-2022,The CompTox Chemistry Dashboard: a community data resource for environmental chemistry.
652,FADB-China,http://www.rxnfinder.org/FADB-China/,rxnfinder.org/fadb-china,URL_DOMAIN_MULTI,0.5,8048,ChemHub,,http://www.rxnfinder.org/chemhub,rxnfinder.org/chemhub,0,2010-2022,FADB-China: A molecular-level food adulteration database in China based on molecular fingerprints and similarity algorithms prediction expansion.
660,viral genomes resource,http://www.ncbi.nlm.nih.gov/genome/viruses/,ncbi.nlm.nih.gov/genome/viruses,URL_DOMAIN_MULTI,0.5,7860,CDD,Conserved Domain Database,http://www.ncbi.nlm.nih.gov/Structure/cdd/cdd.shtml,ncbi.nlm.nih.gov/structure/cdd/cdd.shtml,0,2010-2022,NCBI viral genomes resource.
663,StraPep,http://isyslab.info/StraPep,isyslab.info/strapep,URL_DOMAIN_SINGLE,0.75,5375,NeuroPep,,http://isyslab.info/NeuroPep,isyslab.info/neuropep,0,2010-2022,StraPep: a structure database of bioactive peptides.
669,ADDRESS,https://zhanglab.ccmb.med.umich.edu/ADDRESS,zhanglab.ccmb.med.umich.edu/address,URL_DOMAIN_MULTI,0.5,8131,GLASS,,http://zhanglab.ccmb.med.umich.edu/GLASS,zhanglab.ccmb.med.umich.edu/glass,0,2010-2022,ADDRESS: A Database of Disease-associated Human Variants Incorporating Protein Structure and Folding Stabilities.
677,IMGT,http://www.ebi.ac.uk/imgt/hla/,ebi.ac.uk/imgt/hla,URL_DOMAIN_MULTI,0.5,7352,IntAct,,http://www.ebi.ac.uk/intact,ebi.ac.uk/intact,0,2010-2022,The IMGT/HLA database.
688,RNABP,http://bioinf.iiit.ac.in/RNABPCOGEST,bioinf.iiit.ac.in/rnabpcogest,URL_DOMAIN_SINGLE,0.75,4131,DbStRiPs,Database of Structural Repeats,http://bioinf.iiit.ac.in/dbstrips,bioinf.iiit.ac.in/dbstrips,0,2010-2022,RNABP COGEST: a resource for investigating functional RNAs.
694,Actinidia,http://bar.utoronto.ca/efp_actinidia/cgi-bin/efpWeb.cgi,bar.utoronto.ca/efp_actinidia/cgi-bin/efpweb.cgi,URL_DOMAIN_MULTI,0.5,8371,BAR,Bio-Analytic Resource for Plant Biology,https://bar.utoronto.ca/,bar.utoronto.ca,1,2010-2022,A gene expression atlas for kiwifruit (Actinidia chinensis) and network analysis of transcription factors.
698,The ChIP,http://ccg.vital-it.ch/chipseq/,ccg.vital-it.ch/chipseq,URL_DOMAIN_MULTI,0.5,4499,MGA,Mass Genome Annotation repository,http://ccg.vital-it.ch/mga,ccg.vital-it.ch/mga,0,2010-2022,The ChIP-Seq tools and web server: a resource for analyzing ChIP-seq and other types of genomic data.
701,pCRM1exportome,http://prodata.swmed.edu/pCRM1exportome,prodata.swmed.edu/pcrm1exportome,URL_DOMAIN_MULTI,0.5,6309,FlyXCDB,,http://prodata.swmed.edu/FlyXCDB,prodata.swmed.edu/flyxcdb,0,2010-2022,pCRM1exportome: database of predicted CRM1-dependent Nuclear Export Signal (NES) motifs in cancer-related genes.
708,Medicago,http://www.jcvi.org/medicago,jcvi.org/medicago,URL_DOMAIN_MULTI,0.5,7410,TIGRFAMs,,"http://www.jcvi.org/tigrfams, http://www.jcvi.org/genome-properties","jcvi.org/tigrfams, http://www.jcvi.org/genome-properties",0,2010-2022,An improved genome release (version Mt4.0) for the model legume Medicago truncatula.
715,echinoderm,https://www.echinobase.org/gene/static/geneNomenclature.jsp,echinobase.org/gene/static/genenomenclature.jsp,URL_DOMAIN_SINGLE,0.75,5050,Echinobase,,http://echinobase.org,echinobase.org,0,2010-2022,A nomenclature for echinoderm genes.
727,peptide,https://www.viprbrc.org,viprbrc.org,URL_DOMAIN_SINGLE,0.75,8012,ViPR,Virus Pathogen Resource,http://www.viprbrc.org/brc/home.spg?decorator=flavi_hcv,viprbrc.org/brc/home.spg,0,2010-2022,Mat_peptide: comprehensive annotation of mature peptides from polyproteins in five virus families.
731,Human Brain Atlas,http://www.brain-map.org,brain-map.org,URL_EXACT,0.95,7123,Allen Brain Atlas,,http://www.brain-map.org,brain-map.org,0,2010-2022,The Allen Human Brain Atlas: comprehensive gene expression mapping of the human brain.
736,An open,http://purl.org/ao/,purl.org/ao,URL_DOMAIN_SINGLE,0.75,6291,BioTop,,http://purl.org/biotop,purl.org/biotop,0,2010-2022,An open annotation ontology for science on web 3.0.
756,PHI-Nets,http://www.phi-base.org,phi-base.org,URL_EXACT,0.95,7739,PHI-base,Pathogen-Host Interactions database,http://www.phi-base.org,phi-base.org,0,2010-2022,PHI-Nets: A Network Resource for Ascomycete Fungal Pathogens to Annotate and Identify Putative Virulence Interacting Proteins and siRNA Targets.
763,Methanogenic archaea database,http://metanogen.biotech.uni.wroc.pl/,metanogen.biotech.uni.wroc.pl,URL_EXACT,0.95,5677,PhyMet2,,http://metanogen.biotech.uni.wroc.pl,metanogen.biotech.uni.wroc.pl,0,2010-2022,Methanogenic archaea database containing physiological and biochemical characteristics.
765,EMT-Regulome,http://www.medsysbio.org/EMTRegulome,medsysbio.org/emtregulome,URL_DOMAIN_SINGLE,0.75,7859,FDRdb,Fibrotic Disease-associated RNAome database,http://www.medsysbio.org/FDRdb,medsysbio.org/fdrdb,0,2010-2022,"EMT-Regulome: a database for EMT-related regulatory interactions, motifs and network."
785,Human1,https://www.metabolicatlas.org/,metabolicatlas.org,URL_EXACT,0.95,7752,HMA,human metabolic atlas,http://www.metabolicatlas.org,metabolicatlas.org,0,2010-2022,An atlas of human metabolism.
799,Vactarbac,http://webs.iiitd.edu.in/raghava/vactarbac/,webs.iiitd.edu.in/raghava/vactarbac,URL_DOMAIN_MULTI,0.5,7071,SalivaDB,,http://webs.iiitd.edu.in/raghava/salivadb,webs.iiitd.edu.in/raghava/salivadb,0,2010-2022,A Web Resource for Designing Subunit Vaccine Against Major Pathogenic Species of Bacteria.
803,GEMSE,http://www.bioinformatics.deib.polimi.it/GeMSE/,bioinformatics.deib.polimi.it/gemse,URL_DOMAIN_SINGLE,0.75,6942,GPKB,Genomic and Proteomic Knowledge Base,http://www.bioinformatics.deib.polimi.it/GPKB,bioinformatics.deib.polimi.it/gpkb,0,2010-2022,Explorative visual analytics on interval-based genomic data and their metadata.
804,PUFAS,http://caps.ncbs.res.in/pufas/,caps.ncbs.res.in/pufas,URL_DOMAIN_MULTI,0.5,8214,PASS2,,http://caps.ncbs.res.in/pass2,caps.ncbs.res.in/pass2,0,2010-2022,An Approach to Function Annotation for Proteins of Unknown Function (PUFs) in the Transcriptome of Indian Mulberry.
807,Compleat,http://www.flyrnai.org/compleat,flyrnai.org/compleat,URL_DOMAIN_MULTI,0.5,7287,DRscDB,,http://www.flyrnai.org/tools/single_cell/web,flyrnai.org/tools/single_cell/web,0,2010-2022,Protein complex-based analysis framework for high-throughput data sets.
808,CGCN,http://www.animalgenome.org/cgi-bin/host/reecylab/d,animalgenome.org/cgi-bin/host/reecylab/d,URL_DOMAIN_MULTI,0.5,8197,CorrDB,,"http://www.animalgenome.org/QTLdb, http://www.animalgenome.org/CorrDB","animalgenome.org/qtldb, http://www.animalgenome.org/corrdb",0,2010-2022,Large-scale gene co-expression network as a source of functional annotation for cattle genes.
809,Scanfold,https://structurome.bb.iastate.edu/sars-cov-2,structurome.bb.iastate.edu/sars-cov-2,URL_DOMAIN_SINGLE,0.75,6734,RNA Structurome Database,RNA Structurome Database,http://structurome.bb.iastate.edu,structurome.bb.iastate.edu,0,2010-2022,A map of the SARS-CoV-2 RNA structurome.
811,Kinomefeature,https://simtk.org/projects/kdb,simtk.org/projects/kdb,URL_DOMAIN_SINGLE,0.75,6448,SWEETLEAD,,http://simtk.org/home/sweetlead,simtk.org/home/sweetlead,0,2010-2022,Computational analysis of kinase inhibitor selectivity using structural knowledge.
827,Cancer Therapeutics Response Portal,http://www.broadinstitute.org/ctrp,broadinstitute.org/ctrp,URL_DOMAIN_MULTI,0.5,7276,MitoCarta,,http://www.broadinstitute.org/mitocarta,broadinstitute.org/mitocarta,0,2010-2022,An interactive resource to identify cancer genetic and lineage dependencies targeted by small molecules.
831,Challenge,http://live.ece.utexas.edu/research/ChallengeDB/index.html,live.ece.utexas.edu/research/challengedb/index.html,URL_DOMAIN_SINGLE,0.75,5489,LIVE-NFLX-II,,http://live.ece.utexas.edu/research/LIVE_NFLX_II/live_nflx_plus.html,live.ece.utexas.edu/research/live_nflx_ii/live_nflx_plus.html,0,2010-2022,Massive Online Crowdsourced Study of Subjective and Objective Picture Quality.
832,Konstanz,https://comptox.epa.gov/dashboard/,comptox.epa.gov/dashboard,URL_EXACT,0.95,4548,DSSTox,Distributed Structure-Searchable Toxicity Database,http://comptox.epa.gov/dashboard,comptox.epa.gov/dashboard,0,2010-2022,"""MS-Ready"" structures for non-targeted high-resolution mass spectrometry screening studies."
836,GREEKC,https://www.ebi.ac.uk/QuickGO/targetset/dbTF,ebi.ac.uk/quickgo/targetset/dbtf,URL_DOMAIN_MULTI,0.5,7352,IntAct,,http://www.ebi.ac.uk/intact,ebi.ac.uk/intact,0,2010-2022,A GO catalogue of human DNA-binding transcription factors.
841,Mnemiopsis Genome,http://research.nhgri.nih.gov/mnemiopsis/,research.nhgri.nih.gov/mnemiopsis,URL_EXACT,0.95,6338,MGP Portal,Mnemiopsis Genome Project Portal,http://research.nhgri.nih.gov/mnemiopsis,research.nhgri.nih.gov/mnemiopsis,0,2010-2022,A customized Web portal for the genome of the ctenophore Mnemiopsis leidyi.
867,G Protein,http://www.gpcrdb.org,gpcrdb.org,URL_EXACT,0.95,5300,GPCRdb,,http://gpcrdb.org,gpcrdb.org,0,2010-2022,Structural Mapping of Adenosine Receptor Mutations: Ligand Binding and Signaling Mechanisms.
874,HIV,http://clinicaltrials.gov/ct2/show/NCT00931216,clinicaltrials.gov/ct2/show/nct00931216,URL_DOMAIN_MULTI,0.5,8385,NCT,National Clinical Trials Registry,https://clinicaltrials.gov,clinicaltrials.gov,0,2010-2022,"The study of HIV and antenatal care integration in pregnancy in Kenya: design, methods, and baseline results of a cluster-randomized controlled trial. | Cost Effectiveness of Support for People Starting a New Medication for a Long-Term Condition Through Community Pharmacies: An Economic Evaluation of the New Medicine Service (NMS) Compared with Normal Practice. | An Update on Glutamatergic System in Suicidal Depression and on the Role of Esketamine. | Implementation of an electronic patient-reported measure of barriers to antiretroviral therapy adherence with the Opal patient portal: Protocol for a mixed method type 3 hybrid pilot study at a large Montreal HIV clinic."
887,HPTT,https://db.cngb.org/HPTT/,db.cngb.org/hptt,URL_DOMAIN_MULTI,0.5,4815,CMDB,Chinese Millionome Database,http://db.cngb.org/cmdb,db.cngb.org/cmdb,0,2010-2022,Whole-Genome-Based <i>Helicobacter pylori</i> Geographic Surveillance: A Visualized and Expandable Webtool.
892,COVID-19,https://amp.pharm.mssm.edu/covid19/,amp.pharm.mssm.edu/covid19,URL_DOMAIN_MULTI,0.5,3850,Datasets2Tools,,http://amp.pharm.mssm.edu/datasets2tools,amp.pharm.mssm.edu/datasets2tools,0,2010-2022,The COVID-19 Drug and Gene Set Library.
893,NOD,http://www.sanger.ac.uk/resources/mouse/nod/,sanger.ac.uk/resources/mouse/nod,URL_DOMAIN_SINGLE,0.75,7958,The Mouse Genomes Project,The Mouse Genomes Project,http://www.sanger.ac.uk/resources/mouse/genomes,sanger.ac.uk/resources/mouse/genomes,0,2010-2022,"The non-obese diabetic mouse sequence, annotation and variation resource: an aid for investigating type 1 diabetes."
895,Mtguide,https://www.ccb.uni-saarland.de/mtguide,ccb.uni-saarland.de/mtguide,URL_DOMAIN_MULTI,0.5,7307,isomiRdb,,http://www.ccb.uni-saarland.de/isomirdb,ccb.uni-saarland.de/isomirdb,0,2010-2022,What's the target: understanding two decades of in silico microRNA-target prediction.
916,THISP,http://www.peptideatlas.org/thisp/,peptideatlas.org/thisp,URL_DOMAIN_SINGLE,0.75,7727,PeptideAtlas,,http://www.peptideatlas.org,peptideatlas.org,0,2010-2022,Tiered Human Integrated Sequence Search Databases for Shotgun Proteomics.
958,m7GHub,http://www.rnamd.org/m7GHub2,rnamd.org/m7ghub2,URL_DOMAIN_SINGLE,0.75,8079,DirectRMDB,,http://www.rnamd.org/directRMDB,rnamd.org/directrmdb,0,2022-2025,m7GHub V2.0: an updated database for decoding the N7-methylguanosine (m7G) epitranscriptome.
985,OSADHI,https://neist.res.in/osadhi/,neist.res.in/osadhi,URL_DOMAIN_SINGLE,0.75,6146,NEI-MPDB,North East India medicinal plants database,http://neist.res.in/neimpdb,neist.res.in/neimpdb,0,2022-2025,OSADHI - An online structural and analytics based database for herbs of India.
986,Sarcoma_CellminerCDB,https://discover.nci.nih.gov/SarcomaCellMinerCDB,discover.nci.nih.gov/sarcomacellminercdb,URL_DOMAIN_SINGLE,0.75,4770,CellMiner-SCLC,,http://discover.nci.nih.gov/SclcCellMinerCDB,discover.nci.nih.gov/sclccellminercdb,0,2022-2025,Sarcoma_CellminerCDB: A tool to interrogate the genomic and functional characteristics of a comprehensive collection of sarcoma cell lines.
993,Wolfberry genome database,https://cosbi7.ee.ncku.edu.tw/Wolfberry/,cosbi7.ee.ncku.edu.tw/wolfberry,URL_DOMAIN_MULTI,0.5,4798,LCMD,Lung Cancer Metabolome Database,http://cosbi7.ee.ncku.edu.tw/LCMD,cosbi7.ee.ncku.edu.tw/lcmd,0,2022-2025,Wolfberry genome database: integrated genomic datasets for studying molecular biology.
1004,Therapeutic Target Database,https://idrblab.org/ttd/,idrblab.org/ttd,URL_DOMAIN_MULTI,0.5,5319,RVvictor,,http://idrblab.org/rvvictor,idrblab.org/rvvictor,0,2022-2025,TTD: Therapeutic Target Database describing target druggability information.
1014,BioExcel Building Blocks Workflows,https://mmb.irbbarcelona.org/biobb-wfs,mmb.irbbarcelona.org/biobb-wfs,URL_DOMAIN_SINGLE,0.75,5716,BCE,bioactive conformational,http://mmb.irbbarcelona.org/BCE,mmb.irbbarcelona.org/bce,0,2022-2025,"BioExcel Building Blocks Workflows (BioBB-Wfs), an integrated web-based platform for biomolecular simulations."
1015,Immunosenescence Inventory,https://ngdc.cncb.ac.cn/iaa/home,ngdc.cncb.ac.cn/iaa/home,URL_DOMAIN_MULTI,0.5,6174,RCoV19,Resource for Coronavirus 2019,http://ngdc.cncb.ac.cn/ncov,ngdc.cncb.ac.cn/ncov,0,2022-2025,Immunosenescence Inventory-a multi-omics database for immune aging research.
1024,An interactive online platform for photosensory and bio-functional proteins in optogenetic systems,https://idrblab.org/optics/,idrblab.org/optics,URL_DOMAIN_MULTI,0.5,5319,RVvictor,,http://idrblab.org/rvvictor,idrblab.org/rvvictor,0,2022-2025,OPTICS: An interactive online platform for photosensory and bio-functional proteins in optogenetic systems.
1029,Database of Therapeutic Antibody Developability,http://i.uestc.edu.cn/DOTAD/,i.uestc.edu.cn/dotad,URL_DOMAIN_MULTI,0.5,5305,PepQSAR,,http://i.uestc.edu.cn/PQsarDB,i.uestc.edu.cn/pqsardb,0,2022-2025,DOTAD: A Database of Therapeutic Antibody Developability.
1037,HybridDBRpred,http://biomine.cs.vcu.edu/servers/hybridDBRpred/,biomine.cs.vcu.edu/servers/hybriddbrpred,URL_DOMAIN_SINGLE,0.75,4335,DescribePROT,,http://biomine.cs.vcu.edu/servers/DESCRIBEPROT,biomine.cs.vcu.edu/servers/describeprot,0,2022-2025,HybridDBRpred: improved sequence-based prediction of DNA-binding amino acids using annotations from structured complexes and disordered proteins.
1048,PLAbDab-nano,https://opig.stats.ox.ac.uk/webapps/plabdab-nano/,opig.stats.ox.ac.uk/webapps/plabdab-nano,URL_DOMAIN_MULTI,0.5,6120,OAS,Antibody Space,http://opig.stats.ox.ac.uk/webapps/oas,opig.stats.ox.ac.uk/webapps/oas,0,2022-2025,PLAbDab-nano: a database of camelid and shark nanobodies from patents and literature.
1054,ProsmORF-pred,http://www.nii.ac.in/prosmorfpred.html,nii.ac.in/prosmorfpred.html,URL_DOMAIN_SINGLE,0.75,7750,novPTMenzy,,http://www.nii.ac.in/novptmenzy.html,nii.ac.in/novptmenzy.html,0,2022-2025,ProsmORF-pred: a machine learning-based method for the identification of small ORFs in prokaryotic genomes.
1057,ncRNADrug,http://www.jianglab.cn/ncRNADrug,jianglab.cn/ncrnadrug,URL_DOMAIN_MULTI,0.5,7596,ncFO,,http://www.jianglab.cn/ncFO,jianglab.cn/ncfo,0,2022-2025,ncRNADrug: a database for validated and predicted ncRNAs associated with drug resistance and targeted by drugs.
1075,FL-circAS,https://cosbi.ee.ncku.edu.tw/FL-circAS/,cosbi.ee.ncku.edu.tw/fl-circas,URL_DOMAIN_MULTI,0.5,4570,KDmarkers,,http://cosbi.ee.ncku.edu.tw/KDmarkers,cosbi.ee.ncku.edu.tw/kdmarkers,0,2022-2025,FL-circAS: an integrative resource and analysis for full-length sequences and alternative splicing of circular RNAs with nanopore sequencing.
1081,SG-ML-PLAP,http://www.nii.ac.in/sg-ml-plap.html,nii.ac.in/sg-ml-plap.html,URL_DOMAIN_SINGLE,0.75,7750,novPTMenzy,,http://www.nii.ac.in/novptmenzy.html,nii.ac.in/novptmenzy.html,0,2022-2025,SG-ML-PLAP: A structure-guided machine learning-based scoring function for protein-ligand binding affinity prediction.
1084,-LacFamPred,http://proteininformatics.org/mkumar/blacfampred,proteininformatics.org/mkumar/blacfampred,URL_DOMAIN_MULTI,0.5,6407,AFRbase,antifungal resistance database,http://proteininformatics.org/mkumar/afrbase,proteininformatics.org/mkumar/afrbase,0,2022-2025,"β-LacFamPred: An online tool for prediction and classification of β-lactamase class, subclass, and family."
1099,miRNATissueAtlas,https://www.ccb.uni-saarland.de/tissueatlas2025,ccb.uni-saarland.de/tissueatlas2025,URL_DOMAIN_MULTI,0.5,7307,isomiRdb,,http://www.ccb.uni-saarland.de/isomirdb,ccb.uni-saarland.de/isomirdb,0,2022-2025,miRNATissueAtlas 2025: an update to the uniformly processed and annotated human and mouse non-coding RNA tissue atlas.
1102,Nmix,https://tubic.org/Nm,tubic.org/nm,URL_DOMAIN_MULTI,0.5,6838,DoriC,,"http://tubic.org/doric/, http://tubic.tju.edu.cn/doric","tubic.org/doric/, http://tubic.tju.edu.cn/doric",0,2022-2025,Nmix: a hybrid deep learning model for precise prediction of 2'-O-methylation sites based on multi-feature fusion and ensemble learning.
1107,xpOmics,http://www.biomedical-web.com/expomics,biomedical-web.com/expomics,URL_DOMAIN_SINGLE,0.75,7048,CanImmunother,,http://www.biomedical-web.com/cancerit,biomedical-web.com/cancerit,0,2022-2025,ExpOmics: a comprehensive web platform empowering biologists with robust multi-omics data analysis capabilities.
1138,Job Dispatcher,https://www.ebi.ac.uk/jdispatcher,ebi.ac.uk/jdispatcher,URL_DOMAIN_MULTI,0.5,7352,IntAct,,http://www.ebi.ac.uk/intact,ebi.ac.uk/intact,0,2022-2025,The EMBL-EBI Job Dispatcher sequence analysis tools framework in 2024.
1139,RBP,https://rnabiology.ircm.qc.ca/RBPImage/,rnabiology.ircm.qc.ca/rbpimage,URL_DOMAIN_SINGLE,0.75,6544,oRNAment,,http://rnabiology.ircm.qc.ca/oRNAment,rnabiology.ircm.qc.ca/ornament,0,2022-2025,RBP Image Database: A resource for the systematic characterization of the subcellular distribution properties of human RNA binding proteins.
1143,iRAnno,https://ophid.utoronto.ca/miRAnno/,ophid.utoronto.ca/miranno,URL_DOMAIN_MULTI,0.5,6158,mirDIP,,http://ophid.utoronto.ca/mirDIP,ophid.utoronto.ca/mirdip,0,2022-2025,miRAnno-network-based functional microRNA annotation.
1160,AVR/I,https://bblserver.org.in/avrissa/,bblserver.org.in/avrissa,URL_DOMAIN_SINGLE,0.75,4180,AMPDB,Anti-Microbial Peptide Database version 1,http://bblserver.org.in/ampdb,bblserver.org.in/ampdb,0,2022-2025,"AVR/I/SSAPDB: a comprehensive & specialised knowledgebase of antimicrobial peptides to combat VRSA, VISA, and VSSA."
1176,Disease trend analysis platform,http://bioinfor.imu.edu.cn/dtapcc,bioinfor.imu.edu.cn/dtapcc,URL_DOMAIN_MULTI,0.5,4381,MbPA,The Metal-binding Protein Atlas,http://bioinfor.imu.edu.cn/mbpa,bioinfor.imu.edu.cn/mbpa,0,2022-2025,Disease trend analysis platform accurately predicts the occurrence of cervical cancer under mixed diseases.
1180,Open Biomedical Imaging Archive,https://ngdc.cncb.ac.cn/obia,ngdc.cncb.ac.cn/obia,URL_DOMAIN_MULTI,0.5,6174,RCoV19,Resource for Coronavirus 2019,http://ngdc.cncb.ac.cn/ncov,ngdc.cncb.ac.cn/ncov,0,2022-2025,OBIA: An Open Biomedical Imaging Archive.
1199,PancanQTLv2.0,https://hanlaboratory.com/PancanQTLv2/,hanlaboratory.com/pancanqtlv2,URL_DOMAIN_SINGLE,0.75,5313,GPIP,,http://hanlaboratory.com/GPIP,hanlaboratory.com/gpip,0,2022-2025,PancanQTLv2.0: a comprehensive resource for expression quantitative trait loci across human cancers.
1205,OLS,https://www.ebi.ac.uk/ols4,ebi.ac.uk/ols4,URL_DOMAIN_MULTI,0.5,7352,IntAct,,http://www.ebi.ac.uk/intact,ebi.ac.uk/intact,0,2022-2025,OLS4: a new Ontology Lookup Service for a growing interdisciplinary knowledge ecosystem.
1216,Distribution Of Prokaryotic Protein Families,http://bioinfo.qd.sdu.edu.cn/GDPF/,bioinfo.qd.sdu.edu.cn/gdpf,URL_DOMAIN_SINGLE,0.75,4368,PAT,prokaryotic antimicrobial toxin database,http://bioinfo.qd.sdu.edu.cn/PAT,bioinfo.qd.sdu.edu.cn/pat,0,2022-2025,GDPF: a data resource for the distribution of prokaryotic protein families across the global biosphere.
1217,FlyPhoneDB2,https://www.flyrnai.org/tools/fly_phone_v2/,flyrnai.org/tools/fly_phone_v2,URL_DOMAIN_MULTI,0.5,7287,DRscDB,,http://www.flyrnai.org/tools/single_cell/web,flyrnai.org/tools/single_cell/web,0,2022-2025,FlyPhoneDB2: A computational framework for analyzing cell-cell communication in &lt;i&gt;Drosophila&lt;/i&gt; scRNA-seq data integrating AlphaFold-multimer predictions.
1221,pSATdb 2.0,https://bioinfo.icgeb.res.in/psatdb/,bioinfo.icgeb.res.in/psatdb,URL_DOMAIN_MULTI,0.5,4095,PAmiRDB,,http://bioinfo.icgeb.res.in/pamirdb,bioinfo.icgeb.res.in/pamirdb,0,2022-2025,"pSATdb 2.0: a database of organellar common, polymorphic, and unique microsatellites."
1224,Oryza CLIMtools,https://gramene.org/CLIMtools/oryza_v1.0/,gramene.org/climtools/oryza_v1.0,URL_DOMAIN_MULTI,0.5,7358,Gramene,Gramene Database,http://www.gramene.org,gramene.org,0,2022-2025,Oryza CLIMtools: A genome-environment association resource reveals adaptive roles for heterotrimeric G proteins in the regulation of rice agronomic traits.
1225,Agnodice,https://dianalab.e-ce.uth.gr/agnodice,dianalab.e-ce.uth.gr/agnodice,URL_DOMAIN_SINGLE,0.75,4768,Peryton,,http://dianalab.e-ce.uth.gr/peryton,dianalab.e-ce.uth.gr/peryton,0,2022-2025,Agnodice: indexing experimentally supported bacterial sRNA-RNA interactions.
1230,Assessment,https://dockground.compbio.ku.edu/assessment/,dockground.compbio.ku.edu/assessment,URL_DOMAIN_MULTI,0.5,8133,DOCKGROUND,,http://dockground.compbio.ku.edu,dockground.compbio.ku.edu,0,2022-2025,CAPRI-Q: The CAPRI resource evaluating the quality of predicted structures of protein complexes.
1235,MGnify Genomes,https://www.ebi.ac.uk/metagenomics/browse/genomes/,ebi.ac.uk/metagenomics/browse/genomes,URL_DOMAIN_MULTI,0.5,7352,IntAct,,http://www.ebi.ac.uk/intact,ebi.ac.uk/intact,0,2022-2025,MGnify Genomes: A Resource for Biome-specific Microbial Genome Catalogues.
1246,SAAMBE-MEM,http://compbio.clemson.edu/SAAMBE-MEM/,compbio.clemson.edu/saambe-mem,URL_DOMAIN_SINGLE,0.75,4517,PKAD,,http://compbio.clemson.edu/pkad,compbio.clemson.edu/pkad,0,2022-2025,SAAMBE-MEM: a sequence-based method for predicting binding free energy change upon mutation in membrane protein-protein complexes.
1253,DO-KB,https://disease-ontology.org/,disease-ontology.org,URL_EXACT,0.95,7172,Disease Ontology,Human Disease Ontology Knowledgebase,http://www.disease-ontology.org,disease-ontology.org,1,2022-2025,The DO-KB Knowledgebase: a 20-year journey developing the disease open science ecosystem.
1255,DIANA-miRPath,http://www.microrna.gr/miRPathv4,microrna.gr/mirpathv4,URL_DOMAIN_MULTI,0.5,7840,miTED,,http://www.microrna.gr/mited,microrna.gr/mited,0,2022-2025,DIANA-miRPath v4.0: expanding target-based miRNA functional analysis in cell-type and tissue contexts.
1256,NucMap 2.0,https://ngdc.cncb.ac.cn/nucmap,ngdc.cncb.ac.cn/nucmap,URL_DOMAIN_MULTI,0.5,6174,RCoV19,Resource for Coronavirus 2019,http://ngdc.cncb.ac.cn/ncov,ngdc.cncb.ac.cn/ncov,0,2022-2025,NucMap 2.0: An Updated Database of Genome-wide Nucleosome Positioning Maps Across Species.
1272,DAVID Ortholog,https://davidbioinformatics.nih.gov/ortholog.jsp,davidbioinformatics.nih.gov/ortholog.jsp,URL_DOMAIN_SINGLE,0.75,8394,DAVID,"Database for Annotation, Visualization, and Integrated Discovery",https://davidbioinformatics.nih.gov,davidbioinformatics.nih.gov,0,2022-2025,DAVID Ortholog: an integrative tool to enhance functional analysis through orthologs.
1274,mVOC 4,http://bioinformatics.charite.de/mvoc,bioinformatics.charite.de/mvoc,URL_EXACT,0.95,4230,mVOC,,http://bioinformatics.charite.de/mvoc,bioinformatics.charite.de/mvoc,0,2022-2025,mVOC 4.0: a database of microbial volatiles.
1281,CovEp,https://pgx.zju.edu.cn/covepiab/,pgx.zju.edu.cn/covepiab,URL_DOMAIN_MULTI,0.5,8221,TSNAdb,tumor-specific neoantigen database,http://pgx.zju.edu.cn/tsnadb,pgx.zju.edu.cn/tsnadb,0,2022-2025,CovEpiAb: a comprehensive database and analysis resource for immune epitopes and antibodies of human coronaviruses.
1295,PAE viewer,http://www.subtiwiki.uni-goettingen.de/v4/paeViewerDemo,subtiwiki.uni-goettingen.de/v4/paeviewerdemo,URL_DOMAIN_MULTI,0.5,6812,SubtiWiki,,http://subtiwiki.uni-goettingen.de,subtiwiki.uni-goettingen.de,0,2022-2025,PAE viewer: a webserver for the interactive visualization of the predicted aligned error for multimer structure predictions and crosslinks.
1327,enchStab,https://loschmidt.chemi.muni.cz/benchstab,loschmidt.chemi.muni.cz/benchstab,URL_DOMAIN_SINGLE,0.75,5475,FireProtDB,,http://loschmidt.chemi.muni.cz/fireprotdb,loschmidt.chemi.muni.cz/fireprotdb,0,2022-2025,BenchStab: a tool for automated querying of web-based stability predictors.
1328,tRFtarget 2.0,http://trftarget.net/,trftarget.net,URL_EXACT,0.95,6791,tRFtarget,,http://trftarget.net,trftarget.net,0,2022-2025,tRFtarget 2.0: expanding the targetome landscape of transfer RNA-derived fragments.
1337,eactomeGSA,https://www.reactome.org/gsa,reactome.org/gsa,URL_DOMAIN_MULTI,0.5,6371,Reactome,,http://reactome.org,reactome.org,1,2022-2025,ReactomeGSA: new features to simplify public data reuse.
1346,ASD2023,http://mdl.shsmu.edu.cn/ASD,mdl.shsmu.edu.cn/asd,URL_EXACT,0.95,5705,ASD,The Allosteric Database,http://mdl.shsmu.edu.cn/ASD,mdl.shsmu.edu.cn/asd,0,2022-2025,ASD2023: towards the integrating landscapes of allosteric knowledgebase.
1352,Regeneration Roadmap,https://ngdc.cncb.ac.cn/regeneration/index,ngdc.cncb.ac.cn/regeneration/index,URL_DOMAIN_MULTI,0.5,6174,RCoV19,Resource for Coronavirus 2019,http://ngdc.cncb.ac.cn/ncov,ngdc.cncb.ac.cn/ncov,0,2022-2025,Regeneration Roadmap: database resources for regenerative biology.
1361,Deconer,https://ngdc.cncb.ac.cn/biocode/tool/7577,ngdc.cncb.ac.cn/biocode/tool/7577,URL_DOMAIN_MULTI,0.5,6174,RCoV19,Resource for Coronavirus 2019,http://ngdc.cncb.ac.cn/ncov,ngdc.cncb.ac.cn/ncov,0,2022-2025,Deconer: An Evaluation Toolkit for Reference-based Deconvolution Methods Using Gene Expression Data.
1363,A4d,https://biocomp.chem.uw.edu.pl/a4d/,biocomp.chem.uw.edu.pl/a4d,URL_DOMAIN_MULTI,0.5,4174,A3DyDB,,http://biocomp.chem.uw.edu.pl/A3D2/yeast,biocomp.chem.uw.edu.pl/a3d2/yeast,0,2022-2025,Aggrescan4D: structure-informed analysis of pH-dependent protein aggregation.
1373,NAenrich,https://idrblab.org/rnaenr/,idrblab.org/rnaenr,URL_DOMAIN_MULTI,0.5,5319,RVvictor,,http://idrblab.org/rvvictor,idrblab.org/rvvictor,0,2022-2025,RNAenrich: a web server for non-coding RNA enrichment.
1379,HCC,http://lifeome.net/database/hccdb2,lifeome.net/database/hccdb2,URL_DOMAIN_SINGLE,0.75,5431,HCCDB,Hepatocellular Carcinoma Expression Atlas,http://lifeome.net/database/hccdb,lifeome.net/database/hccdb,0,2022-2025,HCCDB v2.0: Decompose Expression Variations by Single-cell RNA-seq and Spatial Transcriptomics in HCC.
1382,Data Bank,https://www.rcsb.org/,rcsb.org,URL_EXACT,0.95,6275,RCSB PDB,The RCSB Protein Data Bank,http://rcsb.org,rcsb.org,0,2022-2025,RCSB Protein Data Bank: supporting research and education worldwide through explorations of experimentally determined and computationally predicted atomic level 3D biostructures.
1384,AutoMCS Navigator,https://cellknowledge.com.cn/mcsdb/autophagy.html,cellknowledge.com.cn/mcsdb/autophagy.html,URL_DOMAIN_MULTI,0.5,7357,P450Rdb,,http://www.cellknowledge.com.cn/p450rdb,cellknowledge.com.cn/p450rdb,0,2022-2025,Mapping autophagy-related membrane contact site proteins and complexes with AutoMCS Navigator.
1418,Symbol Nomenclature,https://www.ncbi.nlm.nih.gov/glycans/sialic.html,ncbi.nlm.nih.gov/glycans/sialic.html,URL_DOMAIN_MULTI,0.5,7860,CDD,Conserved Domain Database,http://www.ncbi.nlm.nih.gov/Structure/cdd/cdd.shtml,ncbi.nlm.nih.gov/structure/cdd/cdd.shtml,0,2022-2025,"Cataloging natural sialic acids and other nonulosonic acids (NulOs), and their representation using the Symbol Nomenclature for Glycans."
1419,Metabolic Roadmap,http://idrblab.org/intede/,idrblab.org/intede,URL_DOMAIN_MULTI,0.5,5319,RVvictor,,http://idrblab.org/rvvictor,idrblab.org/rvvictor,0,2022-2025,INTEDE 2.0: the metabolic roadmap of drugs.
1428,NCBI,https://www.ncbi.nlm.nih.gov/geo/,ncbi.nlm.nih.gov/geo,URL_EXACT,0.95,7675,GEO,Gene Expression Omnibus,http://www.ncbi.nlm.nih.gov/geo,ncbi.nlm.nih.gov/geo,0,2022-2025,NCBI GEO: archive for gene expression and epigenomics data sets: 23-year update.
1435,RNAcmap3,https://ngdc.cncb.ac.cn/omix/release/OMIX003037,ngdc.cncb.ac.cn/omix/release/omix003037,URL_DOMAIN_MULTI,0.5,6174,RCoV19,Resource for Coronavirus 2019,http://ngdc.cncb.ac.cn/ncov,ngdc.cncb.ac.cn/ncov,0,2022-2025,MARS and RNAcmap3: The Master Database of All Possible RNA Sequences Integrated with RNAcmap for RNA Homology Search.
1443,DEPICTER2,http://biomine.cs.vcu.edu/servers/DEPICTER2/,biomine.cs.vcu.edu/servers/depicter2,URL_DOMAIN_SINGLE,0.75,4335,DescribePROT,,http://biomine.cs.vcu.edu/servers/DESCRIBEPROT,biomine.cs.vcu.edu/servers/describeprot,0,2022-2025,DEPICTER2: a comprehensive webserver for intrinsic disorder and disorder function prediction.
1462,Missense3D-PPI,http://missense3d.bc.ic.ac.uk,missense3d.bc.ic.ac.uk,URL_EXACT,0.95,5727,Missense3D-DB,,http://missense3d.bc.ic.ac.uk,missense3d.bc.ic.ac.uk,0,2022-2025,Missense3D-PPI: A Web Resource to Predict the Impact of Missense Variants at Protein Interfaces Using 3D Structural Data.
1470,Tissue Atlas,https://www.ccb.uni-saarland.de/tissueatlas2,ccb.uni-saarland.de/tissueatlas2,URL_DOMAIN_MULTI,0.5,7307,isomiRdb,,http://www.ccb.uni-saarland.de/isomirdb,ccb.uni-saarland.de/isomirdb,0,2022-2025,miRNATissueAtlas2: an update to the human miRNA tissue atlas.
1476,CSSL,http://www.tmliang.cn/CSSL/,tmliang.cn/cssl,URL_DOMAIN_SINGLE,0.75,8071,SLOAD,,"http://www.tmliang.cn/SLOAD, http://www.tmliang.cn/SLOAD","tmliang.cn/sload, http://www.tmliang.cn/sload",0,2022-2025,CSSLdb: Discovery of cancer-specific synthetic lethal interactions based on machine learning and statistic inference.
1492,SHDB-AF,https://physionet.org/content/shdb-af/,physionet.org/content/shdb-af,URL_DOMAIN_MULTI,0.5,6168,PediCXR,,http://physionet.org/content/vindr-pcxr/1.0.0,physionet.org/content/vindr-pcxr/1.0.0,0,2022-2025,SHDB-AF: a Japanese Holter ECG database of atrial fibrillation.
1499,PharmGWAS,https://ngdc.cncb.ac.cn/pharmgwas,ngdc.cncb.ac.cn/pharmgwas,URL_DOMAIN_MULTI,0.5,6174,RCoV19,Resource for Coronavirus 2019,http://ngdc.cncb.ac.cn/ncov,ngdc.cncb.ac.cn/ncov,0,2022-2025,PharmGWAS: a GWAS-based knowledgebase for drug repurposing.
1505,MRCLinkdb,https://www.cellknowledge.com.cn/mrclinkdb/,cellknowledge.com.cn/mrclinkdb,URL_DOMAIN_MULTI,0.5,7357,P450Rdb,,http://www.cellknowledge.com.cn/p450rdb,cellknowledge.com.cn/p450rdb,0,2022-2025,Predicting intercellular communication based on metabolite-related ligand-receptor interactions with MRCLinkdb.
1516,ProBioQuest,http://kwanlab.bio.cuhk.edu.hk/PBQ/,kwanlab.bio.cuhk.edu.hk/pbq,URL_DOMAIN_SINGLE,0.75,5343,BSRD,,http://kwanlab.bio.cuhk.edu.hk/BSRD,kwanlab.bio.cuhk.edu.hk/bsrd,0,2022-2025,"ProBioQuest: a database and semantic analysis engine for literature, clinical trials and patents related to probiotics."
1545,COV2Var,http://biomedbdc.wchscu.cn/COV2Var/,biomedbdc.wchscu.cn/cov2var,URL_DOMAIN_SINGLE,0.75,4388,COVIDanno,,http://biomedbdc.wchscu.cn/COVIDanno,biomedbdc.wchscu.cn/covidanno,0,2022-2025,"COV2Var, a function annotation database of SARS-CoV-2 genetic variation."
1553,SUMMER,http://njmu-edu.cn:3838/SUMMER/,njmu-edu.cn:3838/summer,URL_DOMAIN_SINGLE,0.75,5945,piRNA-eQTL,,http://njmu-edu.cn:3838/piRNA-eQTL,njmu-edu.cn:3838/pirna-eqtl,0,2022-2025,SUMMER: a Mendelian randomization interactive server to systematically evaluate the causal effects of risk factors and circulating biomarkers on pan-cancer survival.
1554,SoyOD,https://bis.zju.edu.cn/soyod,bis.zju.edu.cn/soyod,URL_DOMAIN_MULTI,0.5,4343,mPPI,,http://bis.zju.edu.cn/mppi,bis.zju.edu.cn/mppi,0,2022-2025,SoyOD: An Integrated Soybean Multi-omics Database for Mining Genes and Biological Research.
1557,VirulentHunter,http://www.unimd.org/VirulentHunter,unimd.org/virulenthunter,URL_DOMAIN_MULTI,0.5,8081,MagMD,Metabolic action of gut Microbiota to Drugs,http://www.unimd.org/magmd,unimd.org/magmd,0,2022-2025,VirulentHunter: deep learning-based virulence factor predictor illuminates pathogenicity in diverse microbial contexts.
1565,HTIRDB,https://yanglab.hzau.edu.cn/HTIRDB#/,yanglab.hzau.edu.cn/htirdb#,URL_DOMAIN_MULTI,0.5,8085,BnIR,rapeseed multi-omics database,http://yanglab.hzau.edu.cn/BnIR,yanglab.hzau.edu.cn/bnir,0,2022-2025,The HTIRDB: A resource containing a transcriptional atlas for 105 different tissues from each of seven species of domestic herbivore.
1568,RMDisease,http://www.rnamd.org/rmdisease2,rnamd.org/rmdisease2,URL_DOMAIN_SINGLE,0.75,8079,DirectRMDB,,http://www.rnamd.org/directRMDB,rnamd.org/directrmdb,0,2022-2025,RMDisease V2.0: an updated database of genetic variants that affect RNA modifications with disease and trait implication.
1576,ncPlantDB,https://bis.zju.edu.cn/ncPlantDB,bis.zju.edu.cn/ncplantdb,URL_DOMAIN_MULTI,0.5,4343,mPPI,,http://bis.zju.edu.cn/mppi,bis.zju.edu.cn/mppi,0,2022-2025,ncPlantDB: a plant ncRNA database with potential ncPEP information and cell type-specific interaction.
1579,VDGE,https://ngdc.cncb.ac.cn/vdge,ngdc.cncb.ac.cn/vdge,URL_DOMAIN_MULTI,0.5,6174,RCoV19,Resource for Coronavirus 2019,http://ngdc.cncb.ac.cn/ncov,ngdc.cncb.ac.cn/ncov,0,2022-2025,VDGE: a data repository of variation database for gene-edited animals across multiple species.
1580,DiabetesOmic,https://bio.liclab.net/diabetesOmicdb/,bio.liclab.net/diabetesomicdb,URL_DOMAIN_MULTI,0.5,4182,SCInter,comprehensive Single-Cell transcriptome integration database for human and mouse,http://bio.liclab.net/SCInter/index.php,bio.liclab.net/scinter/index.php,0,2022-2025,DiabetesOmic: A comprehensive multi-omics diabetes database.
1588,Xenopus,http://www.xenbase.org/entry/zahn.do,xenbase.org/entry/zahn.do,URL_DOMAIN_MULTI,0.5,8083,Xenbase,Xenopus model organism,http://www.xenbase.org,xenbase.org,0,2022-2025,Normal Table of Xenopus development: a new graphical resource.
1596,DichroPipeline,https://pcddb.cryst.bbk.ac.uk/,pcddb.cryst.bbk.ac.uk,URL_EXACT,0.95,6133,PCDDB,Protein Circular Dichroism Data Bank,http://pcddb.cryst.bbk.ac.uk,pcddb.cryst.bbk.ac.uk,0,2022-2025,"DichroPipeline: A suite of online and downloadable tools and resources for protein circular dichroism spectroscopic data analyses, interpretations, and their interoperability with other bioinformatics tools and resources."
1621,MBROLE3,http://csbg.cnb.csic.es/mbrole3,csbg.cnb.csic.es/mbrole3,URL_DOMAIN_SINGLE,0.75,4702,ODCs,Orphan Disease Connections,http://csbg.cnb.csic.es/odcs,csbg.cnb.csic.es/odcs,0,2022-2025,MBROLE3: improved functional enrichment of chemical compounds for metabolomics data analysis.
1622,oriTDB,https://bioinfo-mml.sjtu.edu.cn/oriTDB2/,bioinfo-mml.sjtu.edu.cn/oritdb2,URL_DOMAIN_MULTI,0.5,8237,SecReT6,,http://bioinfo-mml.sjtu.edu.cn/SecReT6,bioinfo-mml.sjtu.edu.cn/secret6,0,2022-2025,oriTDB: a database of the origin-of-transfer regions of bacterial mobile genetic elements.
1625,MolBiC,https://idrblab.org/MolBiC/,idrblab.org/molbic,URL_DOMAIN_MULTI,0.5,5319,RVvictor,,http://idrblab.org/rvvictor,idrblab.org/rvvictor,0,2022-2025,MolBiC: the cell-based landscape illustrating molecular bioactivities.
1651,KinaseFusionDB,https://compbio.uth.edu/KinaseFusionDB,compbio.uth.edu/kinasefusiondb,URL_DOMAIN_MULTI,0.5,8189,FusionGDB,fusion gene annotation DataBase,http://compbio.uth.edu/FusionGDB2,compbio.uth.edu/fusiongdb2,0,2022-2025,KinaseFusionDB: an integrative knowledge of kinase fusion proteins in multi-scales.
1654,MiceDEGdb,https://www.sysbio.ru/MiceDEGdb,sysbio.ru/micedegdb,URL_DOMAIN_SINGLE,0.75,8092,RatDEGdb,,http://www.sysbio.ru/RatDEGdb,sysbio.ru/ratdegdb,0,2022-2025,MiceDEGdb: a knowledge base on differentially expressed mouse genes as a model object in biomedical research.
1656,gcPathogen,https://nmdc.cn/gcpathogen/,nmdc.cn/gcpathogen,URL_DOMAIN_SINGLE,0.75,6173,gcCov,,http://nmdc.cn/gccov,nmdc.cn/gccov,0,2022-2025,gcPathogen: a comprehensive genomic resource of human pathogens for public health.
1657,TheMarker,https://idrblab.org/themarker,idrblab.org/themarker,URL_DOMAIN_MULTI,0.5,5319,RVvictor,,http://idrblab.org/rvvictor,idrblab.org/rvvictor,0,2022-2025,TheMarker: a comprehensive database of therapeutic biomarkers.
1663,CellCommuNet,http://www.inbirg.com/cellcommunet/,inbirg.com/cellcommunet,URL_DOMAIN_MULTI,0.5,7597,PertOrg,,http://www.inbirg.com/pertorg,inbirg.com/pertorg,0,2022-2025,CellCommuNet: an atlas of cell-cell communication networks from single-cell RNA sequencing of human and mouse tissues in normal and disease states.
1683,Multiple Endocrine Neoplasia,https://clingen.igib.res.in/MAPVar/,clingen.igib.res.in/mapvar,URL_DOMAIN_MULTI,0.5,4566,BGvar,Blood Group Associated Genomic Variant Resource,http://clingen.igib.res.in/bgvar,clingen.igib.res.in/bgvar,0,2022-2025,"Understanding the variant landscape, and genetic epidemiology of Multiple Endocrine Neoplasia in India."
1690,UVREK,https://cb.imsc.res.in/uvrek/,cb.imsc.res.in/uvrek,URL_DOMAIN_MULTI,0.5,4619,ViCEKb,Vitiligo-linked Chemical Exposome Knowledgebase,http://cb.imsc.res.in/vicekb,cb.imsc.res.in/vicekb,0,2022-2025,UVREK: Development and Analysis of an Expression Profile Knowledgebase of Biomolecules Induced by Ultraviolet Radiation Exposure.
1720,PPGR,https://ngdc.cncb.ac.cn/ppgr/,ngdc.cncb.ac.cn/ppgr,URL_DOMAIN_MULTI,0.5,6174,RCoV19,Resource for Coronavirus 2019,http://ngdc.cncb.ac.cn/ncov,ngdc.cncb.ac.cn/ncov,0,2022-2025,PPGR: a comprehensive perennial plant genomes and regulation database.
1729,BCMA,http://lifeome.net/database/bcma/,lifeome.net/database/bcma,URL_DOMAIN_SINGLE,0.75,5431,HCCDB,Hepatocellular Carcinoma Expression Atlas,http://lifeome.net/database/hccdb,lifeome.net/database/hccdb,0,2022-2025,BCMA: An integrative and versatile database for multi-scale and multi-omics molecular atlas of breast cancer.
1742,SourceFinder,https://cge.food.dtu.dk/services/SourceFinder/,cge.food.dtu.dk/services/sourcefinder,URL_DOMAIN_SINGLE,0.75,4602,ResFinderFG,,"http://cge.food.dtu.dk/services/ResFinderFG/, http://gmgc.embl.de","cge.food.dtu.dk/services/resfinderfg/, http://gmgc.embl.de",0,2022-2025,"SourceFinder: a Machine-Learning-Based Tool for Identification of Chromosomal, Plasmid, and Bacteriophage Sequences from Assemblies."
1769,VISTA,https://ngdc.cncb.ac.cn/vista,ngdc.cncb.ac.cn/vista,URL_DOMAIN_MULTI,0.5,6174,RCoV19,Resource for Coronavirus 2019,http://ngdc.cncb.ac.cn/ncov,ngdc.cncb.ac.cn/ncov,0,2022-2025,VISTA: A Tool for Fast Taxonomic Assignment of Viral Genome Sequences.
1774,sCentInDB,https://cb.imsc.res.in/scentindb/,cb.imsc.res.in/scentindb,URL_DOMAIN_MULTI,0.5,4619,ViCEKb,Vitiligo-linked Chemical Exposome Knowledgebase,http://cb.imsc.res.in/vicekb,cb.imsc.res.in/vicekb,0,2022-2025,sCentInDB: a database of essential oil chemical profiles of Indian medicinal plants.
1775,VariantHunter,http://gmql.eu/variant_hunter/,gmql.eu/variant_hunter,URL_DOMAIN_SINGLE,0.75,5243,ViruSurf,,"http://gmql.eu/virusurf/, http://gmql.eu/virusurf_gisaid","gmql.eu/virusurf/, http://gmql.eu/virusurf_gisaid",0,2022-2025,VariantHunter: a method and tool for fast detection of emerging SARS-CoV-2 variants.
1776,CropGF,https://bis.zju.edu.cn/cropgf,bis.zju.edu.cn/cropgf,URL_DOMAIN_MULTI,0.5,4343,mPPI,,http://bis.zju.edu.cn/mppi,bis.zju.edu.cn/mppi,0,2022-2025,CropGF: a comprehensive visual platform for crop gene family mining and analysis.
1793,PMTPred,http://www.bioinfoindia.org/PMTPred/home.html,bioinfoindia.org/pmtpred/home.html,URL_DOMAIN_MULTI,0.5,8314,ABCD,Alzheimer's disease Biomarkers Comprehensive Database,http://www.bioinfoindia.org/abcd,bioinfoindia.org/abcd,0,2022-2025,PMTPred: machine-learning-based prediction of protein methyltransferases using the composition of k-spaced amino acid pairs.
1798,AMIR,https://yanglab.hzau.edu.cn/AMIR/,yanglab.hzau.edu.cn/amir,URL_DOMAIN_MULTI,0.5,8085,BnIR,rapeseed multi-omics database,http://yanglab.hzau.edu.cn/BnIR,yanglab.hzau.edu.cn/bnir,0,2022-2025,AMIR: a multi-omics data platform for Asteraceae plants genetics and breeding research.
1801,PredictONCO,https://loschmidt.chemi.muni.cz/predictonco,loschmidt.chemi.muni.cz/predictonco,URL_DOMAIN_SINGLE,0.75,5475,FireProtDB,,http://loschmidt.chemi.muni.cz/fireprotdb,loschmidt.chemi.muni.cz/fireprotdb,0,2022-2025,PredictONCO: a web tool supporting decision-making in precision oncology by extending the bioinformatics predictions with advanced computing and machine learning.
1804,siRNAEfficacyDB,https://cellknowledge.com.cn/siRNAEfficacy,cellknowledge.com.cn/sirnaefficacy,URL_DOMAIN_MULTI,0.5,7357,P450Rdb,,http://www.cellknowledge.com.cn/p450rdb,cellknowledge.com.cn/p450rdb,0,2022-2025,siRNAEfficacyDB: An experimentally supported small interfering RNA efficacy database.
1810,PROSCA,https://idrblab.org/prosca/,idrblab.org/prosca,URL_DOMAIN_MULTI,0.5,5319,RVvictor,,http://idrblab.org/rvvictor,idrblab.org/rvvictor,0,2022-2025,PROSCA: an online platform for humanized scaffold mining facilitating rational protein engineering.
1813,HALL,https://ngdc.cncb.ac.cn/hall/index,ngdc.cncb.ac.cn/hall/index,URL_DOMAIN_MULTI,0.5,6174,RCoV19,Resource for Coronavirus 2019,http://ngdc.cncb.ac.cn/ncov,ngdc.cncb.ac.cn/ncov,0,2022-2025,HALL: a comprehensive database for human aging and longevity studies.
1816,HervD Atlas,https://ngdc.cncb.ac.cn/hervd/,ngdc.cncb.ac.cn/hervd,URL_DOMAIN_MULTI,0.5,6174,RCoV19,Resource for Coronavirus 2019,http://ngdc.cncb.ac.cn/ncov,ngdc.cncb.ac.cn/ncov,0,2022-2025,HervD Atlas: a curated knowledgebase of associations between human endogenous retroviruses and diseases.
1817,FusionNeoAntigen,https://compbio.uth.edu/FusionNeoAntigen,compbio.uth.edu/fusionneoantigen,URL_DOMAIN_MULTI,0.5,8189,FusionGDB,fusion gene annotation DataBase,http://compbio.uth.edu/FusionGDB2,compbio.uth.edu/fusiongdb2,0,2022-2025,FusionNeoAntigen: a resource of fusion gene-specific neoantigens.
1821,TargetGene,https://ngdc.cncb.ac.cn/targetgene/,ngdc.cncb.ac.cn/targetgene,URL_DOMAIN_MULTI,0.5,6174,RCoV19,Resource for Coronavirus 2019,http://ngdc.cncb.ac.cn/ncov,ngdc.cncb.ac.cn/ncov,0,2022-2025,TargetGene: a comprehensive database of cell-type-specific target genes for genetic variants.
1829,ANNInter,https://www.nipgr.ac.in/ANNInter/,nipgr.ac.in/anninter,URL_DOMAIN_MULTI,0.5,7871,SCIPDb,Stress Combinations and their Interactions in Plants Database,http://www.nipgr.ac.in/scipdb.php,nipgr.ac.in/scipdb.php,0,2022-2025,ANNInter: A platform to explore ncRNA-ncRNA interactome of Arabidopsis thaliana.
1831,National Genomics Data Center,https://ngdc.cncb.ac.cn,ngdc.cncb.ac.cn,URL_DOMAIN_MULTI,0.5,6174,RCoV19,Resource for Coronavirus 2019,http://ngdc.cncb.ac.cn/ncov,ngdc.cncb.ac.cn/ncov,0,2022-2025,"Database Resources of the National Genomics Data Center, China National Center for Bioinformation in 2024."
1833,MTFAP,http://www.xiejjlab.bio/MTFAP/,xiejjlab.bio/mtfap,URL_DOMAIN_MULTI,0.5,8088,eccDB,,http://www.xiejjlab.bio/eccDB,xiejjlab.bio/eccdb,0,2022-2025,MTFAP: a comprehensive platform for predicting and analyzing master transcription factors.
1843,scBlood,https://bio.liclab.net/scBlood/,bio.liclab.net/scblood,URL_DOMAIN_MULTI,0.5,4182,SCInter,comprehensive Single-Cell transcriptome integration database for human and mouse,http://bio.liclab.net/SCInter/index.php,bio.liclab.net/scinter/index.php,0,2022-2025,scBlood: A comprehensive single-cell accessible chromatin database of blood cells.
1847,HGMMX,https://www.way2drug.com/hgmmx,way2drug.com/hgmmx,URL_DOMAIN_SINGLE,0.75,8087,Phyto4Health,,http://www.way2drug.com/p4h,way2drug.com/p4h,0,2022-2025,HGMMX: Host Gut Microbiota Metabolism Xenobiotics Database.
1859,STOmicsDB,https://db.cngb.org/stomics/,db.cngb.org/stomics,URL_DOMAIN_MULTI,0.5,4815,CMDB,Chinese Millionome Database,http://db.cngb.org/cmdb,db.cngb.org/cmdb,0,2022-2025,"STOmicsDB: a comprehensive database for spatial transcriptomics data sharing, analysis and visualization."
1863,RNAincoder,https://idrblab.org/rnaincoder/,idrblab.org/rnaincoder,URL_DOMAIN_MULTI,0.5,5319,RVvictor,,http://idrblab.org/rvvictor,idrblab.org/rvvictor,0,2022-2025,RNAincoder: a deep learning-based encoder for RNA and RNA-associated interaction.
1866,StopKB,https://lbgi.fr/stopkb/,lbgi.fr/stopkb,URL_DOMAIN_MULTI,0.5,7571,knotAnnotSV,,http://www.lbgi.fr/AnnotSV,lbgi.fr/annotsv,0,2022-2025,StopKB: a comprehensive knowledgebase for nonsense suppression therapies.
1874,CRISPRoffT,https://ccsm.uth.edu/CRISPRoffT/,ccsm.uth.edu/crisprofft,URL_DOMAIN_MULTI,0.5,4589,SPASCER,,http://ccsm.uth.edu/SPASCER,ccsm.uth.edu/spascer,0,2022-2025,CRISPRoffT: comprehensive database of CRISPR/Cas off-targets.
1901,CellSTAR,https://idrblab.org/cellstar,idrblab.org/cellstar,URL_DOMAIN_MULTI,0.5,5319,RVvictor,,http://idrblab.org/rvvictor,idrblab.org/rvvictor,0,2022-2025,CellSTAR: a comprehensive resource for single-cell transcriptomic annotation.
1921,PPanG,https://cgm.sjtu.edu.cn/PPanG,cgm.sjtu.edu.cn/ppang,URL_DOMAIN_SINGLE,0.75,4486,RPAN,Rice Pan-genome Browser,"http://cgm.sjtu.edu.cn/3kricedb/, http://www.rmbreeding.cn/pan3k","cgm.sjtu.edu.cn/3kricedb/, http://www.rmbreeding.cn/pan3k",0,2022-2025,PPanG: a precision pangenome browser enabling nucleotide-level analysis of genomic variations in individual genomes and their graph-based pangenome.
1925,scImmOmics,https://bio.liclab.net/scImmOmics/home,bio.liclab.net/scimmomics/home,URL_DOMAIN_MULTI,0.5,4182,SCInter,comprehensive Single-Cell transcriptome integration database for human and mouse,http://bio.liclab.net/SCInter/index.php,bio.liclab.net/scinter/index.php,0,2022-2025,scImmOmics: a manually curated resource of single-cell multi-omics immune data.
1937,dbAPIS,https://bcb.unl.edu/dbAPIS,bcb.unl.edu/dbapis,URL_DOMAIN_MULTI,0.5,4168,dbCAN2,,http://bcb.unl.edu/dbCAN_seq,bcb.unl.edu/dbcan_seq,0,2022-2025,dbAPIS: a database of anti-prokaryotic immune system genes.
1956,Patent and Literature Antibody Database,https://opig.stats.ox.ac.uk/webapps/plabdab/,opig.stats.ox.ac.uk/webapps/plabdab,URL_DOMAIN_MULTI,0.5,6120,OAS,Antibody Space,http://opig.stats.ox.ac.uk/webapps/oas,opig.stats.ox.ac.uk/webapps/oas,0,2022-2025,"The Patent and Literature Antibody Database (PLAbDab): an evolving reference set of functionally diverse, literature-annotated antibody sequences and structures."
1958,SYNBIP,https://idrblab.org/synbip/,idrblab.org/synbip,URL_DOMAIN_MULTI,0.5,5319,RVvictor,,http://idrblab.org/rvvictor,idrblab.org/rvvictor,0,2022-2025,"SYNBIP 2.0: epitopes mapping, sequence expansion and scaffolds discovery for synthetic binding protein innovation."
1979,CROST,https://ngdc.cncb.ac.cn/crost,ngdc.cncb.ac.cn/crost,URL_DOMAIN_MULTI,0.5,6174,RCoV19,Resource for Coronavirus 2019,http://ngdc.cncb.ac.cn/ncov,ngdc.cncb.ac.cn/ncov,0,2022-2025,CROST: a comprehensive repository of spatial transcriptomics.
1983,STCDB4ND,https://bis.zju.edu.cn/STCDB,bis.zju.edu.cn/stcdb,URL_DOMAIN_MULTI,0.5,4343,mPPI,,http://bis.zju.edu.cn/mppi,bis.zju.edu.cn/mppi,0,2022-2025,STCDB4ND: a signal transduction classification database for neurological diseases.
1990,CCLHunter,https://ngdc.cncb.ac.cn/cclhunter,ngdc.cncb.ac.cn/cclhunter,URL_DOMAIN_MULTI,0.5,6174,RCoV19,Resource for Coronavirus 2019,http://ngdc.cncb.ac.cn/ncov,ngdc.cncb.ac.cn/ncov,0,2022-2025,CCLHunter: An efficient toolkit for cancer cell line authentication.
1991,FERREG,https://idrblab.org/ferreg/,idrblab.org/ferreg,URL_DOMAIN_MULTI,0.5,5319,RVvictor,,http://idrblab.org/rvvictor,idrblab.org/rvvictor,0,2022-2025,"FERREG: ferroptosis-based regulation of disease occurrence, progression and therapeutic response."
1993,O-GlcNAcPRED-DL,http://oglcnac.org/pred_dl,oglcnac.org/pred_dl,URL_DOMAIN_SINGLE,0.75,5948,O-GlcNAcAtlas,,http://oglcnac.org,oglcnac.org,0,2022-2025,O-GlcNAcPRED-DL: Prediction of Protein O-GlcNAcylation Sites Based on an Ensemble Model of Deep Learning.
1997,ADENet,http://lmmd.ecust.edu.cn/netinfer,lmmd.ecust.edu.cn/netinfer,URL_DOMAIN_MULTI,0.5,5477,MetaADEDB,,http://lmmd.ecust.edu.cn/metaadedb,lmmd.ecust.edu.cn/metaadedb,0,2022-2025,ADENet: a novel network-based inference method for prediction of drug adverse events.
2012,SEDA,https://www.sing-group.org/seda/,sing-group.org/seda,URL_DOMAIN_MULTI,0.5,6627,GlutKNOIS,,http://sing-group.org/glutknois,sing-group.org/glutknois,0,2022-2025,SEDA: A Desktop Tool Suite for FASTA Files Processing.
2013,collectNET,http://health.tsinghua.edu.cn/collectnet,health.tsinghua.edu.cn/collectnet,URL_DOMAIN_MULTI,0.5,5293,HiChIPdb,,http://health.tsinghua.edu.cn/hichipdb,health.tsinghua.edu.cn/hichipdb,0,2022-2025,collectNET: a web server for integrated inference of cell-cell communication network.
2016,GeTeSEPdb,http://www.inbirg.com/GeTeSEPdb/,inbirg.com/getesepdb,URL_DOMAIN_MULTI,0.5,7597,PertOrg,,http://www.inbirg.com/pertorg,inbirg.com/pertorg,0,2022-2025,GeTeSEPdb: A comprehensive database and online tool for the identification and analysis of gene profiles with temporal-specific expression patterns.
2022,High Dynamic Range,https://live.ece.utexas.edu/research/LIVE_TMHDR/index.html,live.ece.utexas.edu/research/live_tmhdr/index.html,URL_DOMAIN_SINGLE,0.75,5489,LIVE-NFLX-II,,http://live.ece.utexas.edu/research/LIVE_NFLX_II/live_nflx_plus.html,live.ece.utexas.edu/research/live_nflx_ii/live_nflx_plus.html,0,2022-2025,Subjective Quality Assessment of Compressed Tone-Mapped High Dynamic Range Videos.
2039,BRCAIndica,https://clingen.igib.res.in/brcaindica/,clingen.igib.res.in/brcaindica,URL_DOMAIN_MULTI,0.5,4566,BGvar,Blood Group Associated Genomic Variant Resource,http://clingen.igib.res.in/bgvar,clingen.igib.res.in/bgvar,0,2022-2025,BRCAIndica: a resource for ACMG/AMP classified BRCA1 and BRCA2 variants.
2047,PhaSeDis,http://mlodis.phasep.pro,mlodis.phasep.pro,URL_EXACT,0.95,5722,MloDisDB,,http://mlodis.phasep.pro,mlodis.phasep.pro,0,2022-2025,PhaSeDis: A Manually Curated Database of Phase Separation-disease Associations and Corresponding Small Molecules.
2054,McAN,https://ngdc.cncb.ac.cn/biocode/tools/BT007301,ngdc.cncb.ac.cn/biocode/tools/bt007301,URL_DOMAIN_MULTI,0.5,6174,RCoV19,Resource for Coronavirus 2019,http://ngdc.cncb.ac.cn/ncov,ngdc.cncb.ac.cn/ncov,0,2022-2025,McAN: a novel computational algorithm and platform for constructing and visualizing haplotype networks.
2064,ZEBRA,https://www.ccb.uni-saarland.de/zebra,ccb.uni-saarland.de/zebra,URL_DOMAIN_MULTI,0.5,7307,isomiRdb,,http://www.ccb.uni-saarland.de/isomirdb,ccb.uni-saarland.de/isomirdb,0,2022-2025,ZEBRA: a hierarchically integrated gene expression atlas of the murine and human brain at single-cell resolution.
2065,COLOCdb,https://ngdc.cncb.ac.cn/colocdb,ngdc.cncb.ac.cn/colocdb,URL_DOMAIN_MULTI,0.5,6174,RCoV19,Resource for Coronavirus 2019,http://ngdc.cncb.ac.cn/ncov,ngdc.cncb.ac.cn/ncov,0,2022-2025,COLOCdb: a comprehensive resource for multi-model colocalization of complex traits.
2079,athisomiRDB,https://www.nipgr.ac.in/athisomiRDB,nipgr.ac.in/athisomirdb,URL_DOMAIN_MULTI,0.5,7871,SCIPDb,Stress Combinations and their Interactions in Plants Database,http://www.nipgr.ac.in/scipdb.php,nipgr.ac.in/scipdb.php,0,2022-2025,athisomiRDB: A comprehensive database of Arabidopsis isomiRs.
2080,RMethyMD,http://www.tmliang.cn/rnamethy,tmliang.cn/rnamethy,URL_DOMAIN_SINGLE,0.75,8071,SLOAD,,"http://www.tmliang.cn/SLOAD, http://www.tmliang.cn/SLOAD","tmliang.cn/sload, http://www.tmliang.cn/sload",0,2022-2025,RMethyMD: An integrated platform for exploring RNA methylation in pan-cancer via a multiomics analysis.
2086,ExomiRHub,http://www.biomedical-web.com/exomirhub/,biomedical-web.com/exomirhub,URL_DOMAIN_SINGLE,0.75,7048,CanImmunother,,http://www.biomedical-web.com/cancerit,biomedical-web.com/cancerit,0,2022-2025,ExomiRHub: A comprehensive database for hosting and analyzing human disease-related extracellular microRNA transcriptomics data.
2088,mirTarCLASH,https://cosbi.ee.ncku.edu.tw/MirTarClash,cosbi.ee.ncku.edu.tw/mirtarclash,URL_DOMAIN_MULTI,0.5,4570,KDmarkers,,http://cosbi.ee.ncku.edu.tw/KDmarkers,cosbi.ee.ncku.edu.tw/kdmarkers,0,2022-2025,mirTarCLASH: a comprehensive miRNA target database based on chimeric read-based experiments.
2097,CarbDisMut,https://web.iitm.ac.in/bioinfo2/carbdismut,web.iitm.ac.in/bioinfo2/carbdismut,URL_DOMAIN_MULTI,0.5,7066,MPAD,Membrane Protein complex binding Affinity Database,http://web.iitm.ac.in/bioinfo2/mpad,web.iitm.ac.in/bioinfo2/mpad,0,2022-2025,CarbDisMut: database on neutral and disease-causing mutations in human carbohydrate-binding proteins.
2102,MiCId,https://www.ncbi.nlm.nih.gov/CBBresearch/Yu/downloads.html,ncbi.nlm.nih.gov/cbbresearch/yu/downloads.html,URL_DOMAIN_MULTI,0.5,7860,CDD,Conserved Domain Database,http://www.ncbi.nlm.nih.gov/Structure/cdd/cdd.shtml,ncbi.nlm.nih.gov/structure/cdd/cdd.shtml,0,2022-2025,Identification of Antibiotic Resistance Proteins via MiCId's Augmented Workflow. A Mass Spectrometry-Based Proteomics Approach.
2117,CanVaxKB,https://violinet.org/canvaxkb,violinet.org/canvaxkb,URL_DOMAIN_MULTI,0.5,7968,Vaxar,,http://www.violinet.org/vaxar,violinet.org/vaxar,0,2022-2025,CanVaxKB: a web-based cancer vaccine knowledgebase.
2143,sc2GWAS,https://bio.liclab.net/sc2GWAS/,bio.liclab.net/sc2gwas,URL_DOMAIN_MULTI,0.5,4182,SCInter,comprehensive Single-Cell transcriptome integration database for human and mouse,http://bio.liclab.net/SCInter/index.php,bio.liclab.net/scinter/index.php,0,2022-2025,sc2GWAS: a comprehensive platform linking single cell and GWAS traits of human.
2144,Harmonizome,https://maayanlab.cloud/Harmonizome/,maayanlab.cloud/harmonizome,URL_DOMAIN_MULTI,0.5,8340,Enrichr-KG,Enrichr Knowledge Graph,http://maayanlab.cloud/enrichr-kg,maayanlab.cloud/enrichr-kg,0,2022-2025,Harmonizome 3.0: integrated knowledge about genes and proteins from diverse multi-omics resources.
2167,PanEffect,https://www.maizegdb.org/effect/maize/,maizegdb.org/effect/maize,URL_DOMAIN_MULTI,0.5,7451,MaizeGDB,,http://www.maizegdb.org,maizegdb.org,0,2022-2025,PanEffect: a pan-genome visualization tool for variant effects in maize.
2203,PANGEA,https://www.flyrnai.org/tools/pangea/,flyrnai.org/tools/pangea,URL_DOMAIN_MULTI,0.5,7287,DRscDB,,http://www.flyrnai.org/tools/single_cell/web,flyrnai.org/tools/single_cell/web,0,2022-2025,PANGEA: a new gene set enrichment tool for Drosophila and common research organisms.
2204,DisEnrich,http://prodata.swmed.edu/DisEnrichDB/,prodata.swmed.edu/disenrichdb,URL_DOMAIN_MULTI,0.5,6309,FlyXCDB,,http://prodata.swmed.edu/FlyXCDB,prodata.swmed.edu/flyxcdb,0,2022-2025,DisEnrich: database of enriched regions in human dark proteome.
2208,mitoPADdb,http://bicresources.jcbose.ac.in/ssaha4/mitopaddb/index.html,bicresources.jcbose.ac.in/ssaha4/mitopaddb/index.html,URL_DOMAIN_MULTI,0.5,4111,PSCRIdb,,http://bicresources.jcbose.ac.in,bicresources.jcbose.ac.in,0,2022-2025,mitoPADdb: A database of mitochondrial proteins associated with diseases.
2211,Antigen-antibody Complex Database,http://i.uestc.edu.cn/AACDB,i.uestc.edu.cn/aacdb,URL_DOMAIN_MULTI,0.5,5305,PepQSAR,,http://i.uestc.edu.cn/PQsarDB,i.uestc.edu.cn/pqsardb,0,2022-2025,A comprehensive antigen-antibody complex database unlocking insights into interaction interface.
2215,DIONYSUS,http://www.dsimb.inserm.fr/DIONYSUS/,dsimb.inserm.fr/dionysus,URL_DOMAIN_MULTI,0.5,7282,CALR-ETdb,,http://www.dsimb.inserm.fr/CALR-ET,dsimb.inserm.fr/calr-et,0,2022-2025,DIONYSUS: a database of protein-carbohydrate interfaces.
2216,metsDB,https://relab.xidian.edu.cn/metsDB/,relab.xidian.edu.cn/metsdb,URL_DOMAIN_MULTI,0.5,6401,CAFuncAPA,,http://relab.xidian.edu.cn/CAFuncAPA,relab.xidian.edu.cn/cafuncapa,0,2022-2025,"metsDB: a knowledgebase of cancer metastasis at bulk, single-cell and spatial levels."
2222,GutBugDB,https://metabiosys.iiserb.ac.in/gutbugdb/,metabiosys.iiserb.ac.in/gutbugdb,URL_DOMAIN_SINGLE,0.75,5662,BioFuelDB,,"http://metabiosys.iiserb.ac.in/biofueldb, http://metagenomics.iiserb.ac.in/biofueldb","metabiosys.iiserb.ac.in/biofueldb, http://metagenomics.iiserb.ac.in/biofueldb",0,2022-2025,GutBugDB: a web resource to predict the human gut microbiome-mediated biotransformation of biotic and xenobiotic molecules.
2224,EryDB,https://ngdc.cncb.ac.cn/EryDB/home,ngdc.cncb.ac.cn/erydb/home,URL_DOMAIN_MULTI,0.5,6174,RCoV19,Resource for Coronavirus 2019,http://ngdc.cncb.ac.cn/ncov,ngdc.cncb.ac.cn/ncov,0,2022-2025,EryDB: A Transcriptomic Profile Database for Erythropoiesis and Erythroid-related Diseases.
2234,OncoSexome,https://idrblab.org/OncoSexome/,idrblab.org/oncosexome,URL_DOMAIN_MULTI,0.5,5319,RVvictor,,http://idrblab.org/rvvictor,idrblab.org/rvvictor,0,2022-2025,OncoSexome: the landscape of sex-based differences in oncologic diseases.
2236,CHEM,https://www.ncbi.nlm.nih.gov/research/coronavirus/,ncbi.nlm.nih.gov/research/coronavirus,URL_DOMAIN_MULTI,0.5,7860,CDD,Conserved Domain Database,http://www.ncbi.nlm.nih.gov/Structure/cdd/cdd.shtml,ncbi.nlm.nih.gov/structure/cdd/cdd.shtml,0,2022-2025,A BERT-based ensemble learning approach for the BioCreative VII challenges: full-text chemical identification and multi-label classification in PubMed articles.
2237,PRA-Pred,https://web.iitm.ac.in/bioinfo2/prapred/,web.iitm.ac.in/bioinfo2/prapred,URL_DOMAIN_MULTI,0.5,7066,MPAD,Membrane Protein complex binding Affinity Database,http://web.iitm.ac.in/bioinfo2/mpad,web.iitm.ac.in/bioinfo2/mpad,0,2022-2025,PRA-Pred: Structure-based prediction of protein-RNA binding affinity.
2239,VCAT,https://biomed.nscc-gz.cn/zhaolab/VCAT/,biomed.nscc-gz.cn/zhaolab/vcat,URL_DOMAIN_SINGLE,0.75,4386,RNALID,,http://biomed.nscc-gz.cn/RNALID/html/index.html,biomed.nscc-gz.cn/rnalid/html/index.html,0,2022-2025,VCAT: an integrated variant function annotation tools.
2244,OrgXenomics,https://idrblab.org/orgxenomics/,idrblab.org/orgxenomics,URL_DOMAIN_MULTI,0.5,5319,RVvictor,,http://idrblab.org/rvvictor,idrblab.org/rvvictor,0,2022-2025,OrgXenomics: an integrated proteomic knowledge base for patient-derived organoid and xenograft.
2246,NLM-Chem,https://ftp.ncbi.nlm.nih.gov/pub/lu/NLM-Chem-BC7-corpus/,ftp.ncbi.nlm.nih.gov/pub/lu/nlm-chem-bc7-corpus,URL_DOMAIN_MULTI,0.5,8220,LitCovid,,http://ftp.ncbi.nlm.nih.gov/pub/lu/LitCovid/biocreative,ftp.ncbi.nlm.nih.gov/pub/lu/litcovid/biocreative,0,2022-2025,NLM-Chem-BC7: manually annotated full-text resources for chemical entity annotation and indexing in biomedical articles.
2247,VITALdb,https://compbio.iitr.ac.in/vitaldb,compbio.iitr.ac.in/vitaldb,URL_DOMAIN_SINGLE,0.75,4614,DISPEL,Diseases Plants Eliminate,http://compbio.iitr.ac.in/dispel,compbio.iitr.ac.in/dispel,0,2022-2025,VITALdb: to select the best viroinformatics tools for a desired virus or application.
2250,SingPro,http://idrblab.org/singpro/,idrblab.org/singpro,URL_DOMAIN_MULTI,0.5,5319,RVvictor,,http://idrblab.org/rvvictor,idrblab.org/rvvictor,0,2022-2025,SingPro: a knowledge base providing single-cell proteomic data.
2256,GBCdb,http://tmliang.cn/gbc/,tmliang.cn/gbc,URL_DOMAIN_SINGLE,0.75,8071,SLOAD,,"http://www.tmliang.cn/SLOAD, http://www.tmliang.cn/SLOAD","tmliang.cn/sload, http://www.tmliang.cn/sload",0,2022-2025,GBCdb: RNA expression landscapes and ncRNA-mRNA interactions in gallbladder carcinoma.
2266,StemDriver,http://biomedbdc.wchscu.cn/StemDriver/,biomedbdc.wchscu.cn/stemdriver,URL_DOMAIN_SINGLE,0.75,4388,COVIDanno,,http://biomedbdc.wchscu.cn/COVIDanno,biomedbdc.wchscu.cn/covidanno,0,2022-2025,StemDriver: a knowledgebase of gene functions for hematopoietic stem cell fate determination.
2268,DRMref,https://ccsm.uth.edu/DRMref/,ccsm.uth.edu/drmref,URL_DOMAIN_MULTI,0.5,4589,SPASCER,,http://ccsm.uth.edu/SPASCER,ccsm.uth.edu/spascer,0,2022-2025,DRMref: comprehensive reference map of drug resistance mechanisms in human cancer.
2284,BioKA,https://ngdc.cncb.ac.cn/bioka,ngdc.cncb.ac.cn/bioka,URL_DOMAIN_MULTI,0.5,6174,RCoV19,Resource for Coronavirus 2019,http://ngdc.cncb.ac.cn/ncov,ngdc.cncb.ac.cn/ncov,0,2022-2025,BioKA: a curated and integrated biomarker knowledgebase for animals.
2292,SoyMD,https://yanglab.hzau.edu.cn/SoyMD/#/,yanglab.hzau.edu.cn/soymd/#,URL_DOMAIN_MULTI,0.5,8085,BnIR,rapeseed multi-omics database,http://yanglab.hzau.edu.cn/BnIR,yanglab.hzau.edu.cn/bnir,0,2022-2025,SoyMD: a platform combining multi-omics data with various tools for soybean research and breeding.
2298,dbCAN3,https://bcb.unl.edu/dbCAN2,bcb.unl.edu/dbcan2,URL_DOMAIN_MULTI,0.5,4168,dbCAN2,,http://bcb.unl.edu/dbCAN_seq,bcb.unl.edu/dbcan_seq,0,2022-2025,dbCAN3: automated carbohydrate-active enzyme and substrate annotation.
2306,UMD-VHL,http://www.umd.be/VHL/,umd.be/vhl,URL_DOMAIN_SINGLE,0.75,7945,UMD-APC,,http://www.umd.be/APC,umd.be/apc,0,2022-2025,Update of the UMD-VHL database: classification of 164 challenging variants based on genotype-phenotype correlation among 605 entries.
2307,Computed Authors in 2024,https://www.ncbi.nlm.nih.gov/research/bionlp/APIs/authors/,ncbi.nlm.nih.gov/research/bionlp/apis/authors,URL_DOMAIN_MULTI,0.5,7860,CDD,Conserved Domain Database,http://www.ncbi.nlm.nih.gov/Structure/cdd/cdd.shtml,ncbi.nlm.nih.gov/structure/cdd/cdd.shtml,0,2022-2025,PubMed Computed Authors in 2024: an open resource of disambiguated author names in biomedical literature.
2308,Database Tool Integrating Genomic and Pharmacologic Data from Adrenocortical Carcinoma Cell Lines,https://discover.nci.nih.gov/acc_cellminercdb,discover.nci.nih.gov/acc_cellminercdb,URL_DOMAIN_SINGLE,0.75,4770,CellMiner-SCLC,,http://discover.nci.nih.gov/SclcCellMinerCDB,discover.nci.nih.gov/sclccellminercdb,0,2022-2025,"A Database Tool Integrating Genomic and Pharmacologic Data from Adrenocortical Carcinoma Cell Lines, PDX, and Patient Samples."
2311,Global COVID-19 VIRUS Registry Database,https://clinicaltrials.gov/ct2/show/NCT04323787,clinicaltrials.gov/ct2/show/nct04323787,URL_DOMAIN_MULTI,0.5,8385,NCT,National Clinical Trials Registry,https://clinicaltrials.gov,clinicaltrials.gov,0,2022-2025,Lessons From a Rapid Project Management Exercise in the Time of Pandemic: Methodology for a Global COVID-19 VIRUS Registry Database.
2324,PBMGC,https://ciods.in/gcpdb/,ciods.in/gcpdb,URL_DOMAIN_SINGLE,0.75,4609,VirhostlncR,,http://ciods.in/VirhostlncR,ciods.in/virhostlncr,0,2022-2025,Delineating protein biomarkers for gastric cancers: A catalogue of mass spectrometry-based markers and assessment of their suitability for targeted proteomics applications.
2329,Complexity Of Gpcr Modulation And Signaling,https://bio.tools/t?domain=gpcr,bio.tools/t,URL_DOMAIN_SINGLE,0.75,4097,bio.tools,,http://bio.tools,bio.tools,0,2022-2025,A bio. tools collection of online resources for GPCR research.
2337,JADBIO,https://ega-archive.org/,ega-archive.org,URL_EXACT,0.95,5070,EGA,European Genome-phenome Archive,http://ega-archive.org,ega-archive.org,0,2022-2025,Automated machine learning for genome wide association studies.
2346,Genome Sample Resource,https://www.ncbi.nlm.nih.gov/genome,ncbi.nlm.nih.gov/genome,URL_DOMAIN_MULTI,0.5,7860,CDD,Conserved Domain Database,http://www.ncbi.nlm.nih.gov/Structure/cdd/cdd.shtml,ncbi.nlm.nih.gov/structure/cdd/cdd.shtml,0,2022-2025,Fast and compact matching statistics analytics.
2360,CTCAE,https://clinicaltrials.gov/study/NCT01042379,clinicaltrials.gov/study/nct01042379,URL_DOMAIN_MULTI,0.5,8385,NCT,National Clinical Trials Registry,https://clinicaltrials.gov,clinicaltrials.gov,0,2022-2025,Implementation and impact of an electronic patient reported outcomes system in a phase II multi-site adaptive platform clinical trial for early-stage breast cancer.
2369,Metagenomicsdb,http://www.bioinformatics.uni-muenster.de/tools/metagenomicsDB,bioinformatics.uni-muenster.de/tools/metagenomicsdb,URL_DOMAIN_MULTI,0.5,8229,uORFdb,,http://www.bioinformatics.uni-muenster.de/tools/uorfdb,bioinformatics.uni-muenster.de/tools/uorfdb,0,2022-2025,Development of a new data management system for the study of the gut microbiome of children who are small for their gestational age.
2377,Animal Quantitative Trait Loci Database,https://www.animalgenome.org/PGNET/,animalgenome.org/pgnet,URL_DOMAIN_MULTI,0.5,8197,CorrDB,,"http://www.animalgenome.org/QTLdb, http://www.animalgenome.org/CorrDB","animalgenome.org/qtldb, http://www.animalgenome.org/corrdb",0,2022-2025,"A combinatorial approach implementing new database structures to facilitate practical data curation management of QTL, association, correlation and heritability data on trait variants."
2395,The Genomics/proteomics Module Contains Information On Different Strains Responsible For Mucormycosis,https://webs.iiitd.edu.in/raghava/mucormydb/,webs.iiitd.edu.in/raghava/mucormydb,URL_DOMAIN_MULTI,0.5,7071,SalivaDB,,http://webs.iiitd.edu.in/raghava/salivadb,webs.iiitd.edu.in/raghava/salivadb,0,2022-2025,Genome-based solutions for managing mucormycosis.
2411,Ncrna Hub,https://bis.zju.edu.cn/nchub/,bis.zju.edu.cn/nchub,URL_DOMAIN_MULTI,0.5,4343,mPPI,,http://bis.zju.edu.cn/mppi,bis.zju.edu.cn/mppi,0,2022-2025,"Non-coding RNA notations, regulations and interactive resources."
2419,ADRCSC,https://www.ccb.uni-saarland.de/adrcsc,ccb.uni-saarland.de/adrcsc,URL_DOMAIN_MULTI,0.5,7307,isomiRdb,,http://www.ccb.uni-saarland.de/isomirdb,ccb.uni-saarland.de/isomirdb,0,2022-2025,A single-cell atlas to map sex-specific gene-expression changes in blood upon neurodegeneration.
